Name__English_,Name__Chinese_,Region_of_Focus,Language,Entity_owner__English_,Entity_owner__Chinese_,Parent_entity__English_,Parent_entity__Chinese_,X__Twitter__handle,X__Twitter__URL,X__Twitter__Follower__
Yang Xinmeng (Abby Yang),杨欣萌,Anglosphere,English,China Media Group (CMG),中央广播电视总台,Central Publicity Department,中共中央宣传部,_bubblyabby_,https://twitter.com/_bubblyabby_,1678
CGTN Culture Express,,Anglosphere,English,China Media Group (CMG),中央广播电视总台,Central Publicity Department,中共中央宣传部,_cultureexpress,https://twitter.com/_cultureexpress,2488
All-China Students' Federation,中华全国学联,China,Chinese,All-China Students' Federation,中华全国学生联合会,Central Committee of the Communist Youth League,共青团中央,ACSF1919,https://twitter.com/ACSF1919,5136
Chen Zhong (Dechinghutay / Ghoti),陈重,Afghanistan,Pashto,China Media Group (CMG),中央广播电视总台,Central Publicity Department,中共中央宣传部,afghanchina,https://twitter.com/afghanchina,1800
Yang Sheng,,Anglosphere,English,People's Daily Press,人民日报社,Central Committee of the Chinese Communist Party,中国共产党中央委员会,AlexYsalex17,https://twitter.com/AlexYsalex17,2821
Yunnan Gateway,云桥网,Yunnan,Chinese,Yunnan Daily Press Group,云南日报报业集团,State Council Information Office (SCIO),国务院新闻办公室,Amazing_Yunnan,https://twitter.com/Amazing_Yunnan,12400
Chen Xu,,Switzerland,German,Ministry of Foreign Affairs,中华人民共和国外交部,Ministry of Foreign Affairs,中华人民共和国外交部,Amb_ChenXu,https://twitter.com/Amb_ChenXu,12600
Li Song,李松,Austria,German,Ministry of Foreign Affairs,中华人民共和国外交部,Ministry of Foreign Affairs,中华人民共和国外交部,Amb_LiSong,https://twitter.com/Amb_LiSong,5972
Lu Kang,陆慷,Indonesia,Bahasa Indonesia,Ministry of Foreign Affairs,中华人民共和国外交部,Ministry of Foreign Affairs,中华人民共和国外交部,Amb_LuKang,https://twitter.com/Amb_LuKang,40600
Zhang Yiming,张益明,UAE,Arabic,Ministry of Foreign Affairs,中华人民共和国外交部,Ministry of Foreign Affairs,中华人民共和国外交部,Amb_Yiming,https://twitter.com/Amb_Yiming,20300
Zhu Jing,朱京,EU,English,Ministry of Foreign Affairs,中华人民共和国外交部,Ministry of Foreign Affairs,中华人民共和国外交部,Amb_ZhuJing,https://twitter.com/Amb_ZhuJing,18500
Chinese Embassy in France,中国驻法国大使馆,France,French,Ministry of Foreign Affairs,中华人民共和国外交部,Ministry of Foreign Affairs,中华人民共和国外交部,AmbassadeChine,https://twitter.com/AmbassadeChine,63800
Liu Yuxi,,African Union,English,Ministry of Foreign Affairs,中华人民共和国外交部,Ministry of Foreign Affairs,中华人民共和国外交部,Ambassador_Liu,https://twitter.com/Ambassador_Liu,11200
Huang Xingyuan,,Cyprus,English,Ministry of Foreign Affairs,中华人民共和国外交部,Ministry of Foreign Affairs,中华人民共和国外交部,AmbassadorHuang,https://twitter.com/AmbassadorHuang,2534
Lei Kezhong,,Lesotho,English,Ministry of Foreign Affairs,中华人民共和国外交部,Ministry of Foreign Affairs,中华人民共和国外交部,AmbassadorLei,https://twitter.com/AmbassadorLei,1470
Chang Hua,,Iran,Persian,Ministry of Foreign Affairs,中华人民共和国外交部,Ministry of Foreign Affairs,中华人民共和国外交部,AmbChangHua,https://twitter.com/AmbChangHua,26400
Chen Bo,,Serbia,Serbian,Ministry of Foreign Affairs,中华人民共和国外交部,Ministry of Foreign Affairs,中华人民共和国外交部,AmbChenBo,https://twitter.com/AmbChenBo,12900
Chen Weiqing,,Saudi Arabia,Arabic,Ministry of Foreign Affairs,中华人民共和国外交部,Ministry of Foreign Affairs,中华人民共和国外交部,AmbChenWeiqing,https://twitter.com/AmbChenWeiqing,83700
Chinese Embassy in Burundi,中国驻布隆迪大使馆,Burundi,French,Ministry of Foreign Affairs,中华人民共和国外交部,Ministry of Foreign Affairs,中华人民共和国外交部,AmbChineBurundi,https://twitter.com/AmbChineBurundi,4651
Chinese Embassy in Cameroon,,Cameroon,French,Ministry of Foreign Affairs,中华人民共和国外交部,Ministry of Foreign Affairs,中华人民共和国外交部,AmbChineCmr,https://twitter.com/AmbChineCmr,3147
Chinese Embassy in Dem. Rep. of Congo (Kinshasa),中国驻刚果（金）大使馆,Dem. Rep. of Congo,French,Ministry of Foreign Affairs,中华人民共和国外交部,Ministry of Foreign Affairs,中华人民共和国外交部,AmbCHINEenRDC,https://twitter.com/AmbCHINEenRDC,17400
Chinese Embassy in Chad,中华人民共和国驻乍得共和国大使馆,Chad,French,Ministry of Foreign Affairs,中华人民共和国外交部,Ministry of Foreign Affairs,中华人民共和国外交部,ambchinetchad,https://twitter.com/ambchinetchad,5478
Chinese Embassy in Italy,中国驻意大利使馆,Italy,Italian,Ministry of Foreign Affairs,中华人民共和国外交部,Ministry of Foreign Affairs,中华人民共和国外交部,AmbCina,https://twitter.com/AmbCina,48800
Cui Tiankai,,USA,English,Ministry of Foreign Affairs,中华人民共和国外交部,Ministry of Foreign Affairs,中华人民共和国外交部,AmbCuiTiankai,https://twitter.com/AmbCuiTiankai,137100
Dong Xiaojun,,Bulgaria,English,Ministry of Foreign Affairs,中华人民共和国外交部,Ministry of Foreign Affairs,中华人民共和国外交部,AmbDongXiaojun,https://twitter.com/AmbDongXiaojun,8993
Fang Qiu,,Trinidad and Tobago,English,Ministry of Foreign Affairs,中华人民共和国外交部,Ministry of Foreign Affairs,中华人民共和国外交部,AmbFangQiu,https://twitter.com/AmbFangQiu,1809
Jia Guide,贾桂德,Italy,Italian,Ministry of Foreign Affairs,中华人民共和国外交部,Ministry of Foreign Affairs,中华人民共和国外交部,AmbJiaGuide,https://twitter.com/AmbJiaGuide,6878
Kong Xuanyou,孔鉉佑,Japan,Japanese,Ministry of Foreign Affairs,中华人民共和国外交部,Ministry of Foreign Affairs,中华人民共和国外交部,AmbKongXuanyou,https://twitter.com/AmbKongXuanyou,3599
Liao Liqiang,廖力强,Egypt,Arabic,Ministry of Foreign Affairs,中华人民共和国外交部,Ministry of Foreign Affairs,中华人民共和国外交部,AmbLiaoLiqiang,https://twitter.com/AmbLiaoLiqiang,16500
Liu Guangyuan,,Poland,Polish,Ministry of Foreign Affairs,中华人民共和国外交部,Ministry of Foreign Affairs,中华人民共和国外交部,AmbLiuGuangYuan,https://twitter.com/AmbLiuGuangYuan,5596
Liu Quan,,Suriname,English,Ministry of Foreign Affairs,中华人民共和国外交部,Ministry of Foreign Affairs,中华人民共和国外交部,AmbLiuQuan,https://twitter.com/AmbLiuQuan,13700
Liu Xiaoming,刘晓明,South Korea,English,Ministry of Foreign Affairs,中华人民共和国外交部,Ministry of Foreign Affairs,中华人民共和国外交部,AmbLiuXiaoMing,https://twitter.com/AmbLiuXiaoMing,329400
Nong Rong,,Pakistan,English,Ministry of Foreign Affairs,中华人民共和国外交部,Ministry of Foreign Affairs,中华人民共和国外交部,AmbNong,https://twitter.com/AmbNong,61200
Qin Gang,秦刚,USA,English,Ministry of Foreign Affairs,中华人民共和国外交部,Ministry of Foreign Affairs,中华人民共和国外交部,AmbQinGang,https://twitter.com/AmbQinGang,288500
Wu Jianghao,吴江浩,Japan,Japanese,Ministry of Foreign Affairs,中华人民共和国外交部,Ministry of Foreign Affairs,中华人民共和国外交部,AmbWuJianghao,https://twitter.com/AmbWuJianghao,4587
Xie Feng,谢锋,USA,English,Ministry of Foreign Affairs,中华人民共和国外交部,Ministry of Foreign Affairs,中华人民共和国外交部,AmbXieFeng,https://twitter.com/AmbXieFeng,19400
Zheng Zeguang,,UK,English,Ministry of Foreign Affairs,中华人民共和国外交部,Ministry of Foreign Affairs,中华人民共和国外交部,AmbZhengZeguang,https://twitter.com/AmbZhengZeguang,8481
Zhou Jian,,Qatar,English,Ministry of Foreign Affairs,中华人民共和国外交部,Ministry of Foreign Affairs,中华人民共和国外交部,AmbZhouJian,https://twitter.com/AmbZhouJian,6682
Media Challengers,,Anglosphere,English,China Media Group (CMG),中央广播电视总台,Central Publicity Department,中共中央宣传部,aMEDIAchallenge,https://twitter.com/amediachallenge,66
Andy Boreham,安柏然,Shanghai,English,Shanghai United Media Group (SUMG),上海报业集团,Shanghai Municipal Committee,中共上海市委,AndyBxxx,https://twitter.com/AndyBxxx,85400
Ge Anna,,Anglosphere,English,China Media Group (CMG),中央广播电视总台,Central Publicity Department,中共中央宣传部,AnnaGE_,https://twitter.com/AnnaGE_,3298
Wang Zeyu (Anosi Wang),,Anglosphere,English,China Media Group (CMG),中央广播电视总台,Central Publicity Department,中共中央宣传部,anosiwang,https://twitter.com/anosiwang,208
We Are China,,Anglosphere,English,People's Daily Press,人民日报社,Central Committee of the Chinese Communist Party,中国共产党中央委员会,are_china,https://twitter.com/are_china,104
CGTN Assignment Asia,,Anglosphere,English,China Media Group (CMG),中央广播电视总台,Central Publicity Department,中共中央宣传部,assignasia,https://twitter.com/assignasia,740
Ma Ye (Ayisha Elseenya / عائشة الصينية),马烨,MENA,Arabic,China Media Group (CMG),中央广播电视总台,Central Publicity Department,中共中央宣传部,ayishaelseenya,https://twitter.com/ayishaelseenya,95
Diba,帝吧,China,Chinese,Diba,帝吧,Diba,帝吧,back_XiaoDiDi,https://twitter.com/back_XiaoDiDi,29300
Discover Jiangxi,,Jiangxi,English,Jiangxi Provincial Department of Culture and Tourism,江西省文化和旅游厅,Jiangxi Provincial People's Government,江西省人民政府,BeautyJiangxi,https://twitter.com/BeautyJiangxi,88000
Beijing Channel,,Anglosphere,English,Xinhua News Agency,新华社,State Council,中华人民共和国国务院,BeijingChannel,https://twitter.com/Beijingchannel,1347
Discover Beijing,,Anglosphere,English,unknown,,unknown,,BeijingDiscover,https://twitter.com/BeijingDiscover,22900
Beijing Review,北京周報,Beijing,English,China International Communications Group (CICG),中国外文出版发行事业局,Central Publicity Department,中共中央宣传部,BeijingReview,https://twitter.com/BeijingReview,94300
Belt and Road News Network,,Anglosphere,English,People's Daily Press,人民日报社,Central Committee of the Chinese Communist Party,中国共产党中央委员会,beltroadnews,https://twitter.com/beltroadnews,3062
BJD Review,,China,Chinese,Beijing Daily Newspaper Group ,北京日报报业集团(北京日报社),Beijing Municipal Committee,中共北京市委,bjd_review,https://twitter.com/bjd_review,868
Zheng Chenlei (Blair Zheng),,Anglosphere,English,China Media Group (CMG),中央广播电视总台,Central Publicity Department,中共中央宣传部,BlairZheng1,https://twitter.com/BlairZheng1,7
Tang Bo,,Anglosphere,English,China Media Group (CMG),中央广播电视总台,Central Publicity Department,中共中央宣传部,Bossebosse84,https://twitter.com/Bossebosse84,215
Wang Cong,,Anglosphere,English,People's Daily Press,人民日报社,Central Committee of the Chinese Communist Party,中国共产党中央委员会,bycongwang,https://twitter.com/bycongwang,586
Cao Li,曹利,Anglosphere,English,Ministry of Foreign Affairs,中华人民共和国外交部,Ministry of Foreign Affairs,中华人民共和国外交部,Cao_Li_CHN,https://twitter.com/Cao_Li_CHN,16700
Cao Yi,,MENA,Arabic,Ministry of Foreign Affairs,中华人民共和国外交部,Ministry of Foreign Affairs,中华人民共和国外交部,CaoYi_MFA,https://twitter.com/CaoYi_MFA,132900
Chinese Embassy in Pakistan,中国驻巴基斯坦使馆,Pakistan,English,Ministry of Foreign Affairs,中华人民共和国外交部,Ministry of Foreign Affairs,中华人民共和国外交部,CathayPak,https://twitter.com/CathayPak,161000
Chinese Consulate General in Belfast,中国驻贝尔法斯特总领事馆,UK,English,Ministry of Foreign Affairs,中华人民共和国外交部,Ministry of Foreign Affairs,中华人民共和国外交部,CCGBelfast,https://twitter.com/CCGBelfast,7342
Chinese Consulate General in Jeddah,,Saudi Arabia,Arabic,Ministry of Foreign Affairs,中华人民共和国外交部,Ministry of Foreign Affairs,中华人民共和国外交部,CCGJeddah,https://twitter.com/CCGJeddah,3268
CCTV+,,China,Chinese,China Media Group (CMG),中央广播电视总台,Central Publicity Department,中共中央宣传部,CCTV_Plus,https://twitter.com/CCTV_Plus,35300
CCTV News,央视新闻,China,Chinese,China Media Group (CMG),中央广播电视总台,Central Publicity Department,中共中央宣传部,cctvxinwen,https://twitter.com/cctvxinwen,1340
Visual China,,Anglosphere,English,China Daily Press,中国日报社,Central Publicity Department,中共中央宣传部,CD_visual,https://twitter.com/CD_visual,998
China Daily Africa,,African Union,English,China Daily Press,中国日报社,Central Publicity Department,中共中央宣传部,CDAfricaNews,https://twitter.com/CDAfricaNews,3385
China Watch,,Anglosphere,English,China Daily Press,中国日报社,Central Publicity Department,中共中央宣传部,CDchinawatch,https://twitter.com/CDchinawatch,563
China Daily Hong Kong,中国日报香港版,Hong Kong,English,China Daily Press,中国日报社,Central Publicity Department,中共中央宣传部,CDHKedition,https://twitter.com/CDHKedition,3717
CD Opinion,,Anglosphere,English,China Daily Press,中国日报社,Central Publicity Department,中共中央宣传部,CdOpinion,https://twitter.com/CdOpinion,707
China Daily Sci-tech,,Anglosphere,English,China Daily Press,中国日报社,Central Publicity Department,中共中央宣传部,CDscitech,https://twitter.com/CDscitech,164
Cen Ziyuan (Jasmine Cen),,Anglosphere,English,China Media Group (CMG),中央广播电视总台,Central Publicity Department,中共中央宣传部,CenJasmine,https://twitter.com/CenJasmine,262
Chinese Consulate General in Zurich,,Switzerland,German,Ministry of Foreign Affairs,中华人民共和国外交部,Ministry of Foreign Affairs,中华人民共和国外交部,CGChinaInZurich,https://twitter.com/CGChinaInZurich,8972
Huang Ping,黄屏,USA,English,Ministry of Foreign Affairs,中华人民共和国外交部,Ministry of Foreign Affairs,中华人民共和国外交部,CGHuangPingNY,https://twitter.com/CGHuangPingNY,7556
Zhang Meifang,,UK,English,Ministry of Foreign Affairs,中华人民共和国外交部,Ministry of Foreign Affairs,中华人民共和国外交部,CGMeifangZhang,https://twitter.com/CGMeifangZhang,160000
China Consulate in Dubai,,UAE,English,Ministry of Foreign Affairs,中华人民共和国外交部,Ministry of Foreign Affairs,中华人民共和国外交部,CGPRCinDubai,https://twitter.com/CGPRCinDubai,3993
CGTN Culture,,Anglosphere,English,China Media Group (CMG),中央广播电视总台,Central Publicity Department,中共中央宣传部,CGTN_Culture,https://twitter.com/CGTN_Culture,1537
CGTN Dialogue,,Anglosphere,English,China Media Group (CMG),中央广播电视总台,Central Publicity Department,中共中央宣传部,CGTN_Dialogue,https://twitter.com/CGTN_Dialogue,1011
CGTN Inheritors,,Anglosphere,English,China Media Group (CMG),中央广播电视总台,Central Publicity Department,中共中央宣传部,cgtn_inheritors,https://twitter.com/cgtn_inheritors,0
CGTN Style,,Anglosphere,English,China Media Group (CMG),中央广播电视总台,Central Publicity Department,中共中央宣传部,CGTN_Style,https://twitter.com/CGTN_Style,56
CGTN Africa,,African Union,English,China Media Group (CMG),中央广播电视总台,Central Publicity Department,中共中央宣传部,cgtnafrica,https://twitter.com/cgtnafrica,149100
CGTN America,,USA,English,China Media Group (CMG),中央广播电视总台,Central Publicity Department,中共中央宣传部,cgtnamerica,https://twitter.com/cgtnamerica,288200
CGTN Arabic,,MENA,Arabic,China Media Group (CMG),中央广播电视总台,Central Publicity Department,中共中央宣传部,cgtnarabic,https://twitter.com/cgtnarabic,668300
CGTN Business,,Anglosphere,English,China Media Group (CMG),中央广播电视总台,Central Publicity Department,中共中央宣传部,CGTNBusiness,https://twitter.com/CGTNBusiness,1162
CGTN DC Producers,,USA,English,China Media Group (CMG),中央广播电视总台,Central Publicity Department,中共中央宣传部,CGTNDCproducers,https://twitter.com/CGTNDCproducers,455
CGTN Europe,中国环球电视网欧洲分台,EU,English,China Media Group (CMG),中央广播电视总台,Central Publicity Department,中共中央宣传部,CGTNEurope,https://twitter.com/CGTNEurope,18200
CGTN Europe Breaking News,,EU,English,China Media Group (CMG),中央广播电视总台,Central Publicity Department,中共中央宣传部,CGTNEuropebreak,https://twitter.com/CGTNEuropebreak,1741
CGTN Food,,Anglosphere,English,China Media Group (CMG),中央广播电视总台,Central Publicity Department,中共中央宣传部,CGTNFood,https://twitter.com/CGTNFood,98
CGTN Français,CGTN法语频道,la Francophonie,French,China Media Group (CMG),中央广播电视总台,Central Publicity Department,中共中央宣传部,CGTNFrancais,https://twitter.com/CGTNFrancais,977800
CGTN Global Business,,Anglosphere,English,China Media Group (CMG),中央广播电视总台,Central Publicity Department,中共中央宣传部,CGTNGlobalBiz,https://twitter.com/CGTNGlobalBiz,12500
CGTN Graphics,,Anglosphere,English,China Media Group (CMG),中央广播电视总台,Central Publicity Department,中共中央宣传部,CGTNGraphics,https://twitter.com/CGTNGraphics,914
CGTN Movies,,Anglosphere,English,China Media Group (CMG),中央广播电视总台,Central Publicity Department,中共中央宣传部,CGTNMovies,https://twitter.com/CGTNMovies,79
CGTN,CGTN,Anglosphere,English,China Media Group (CMG),中央广播电视总台,Central Publicity Department,中共中央宣传部,CGTNOfficial,https://twitter.com/CGTNOfficial,"13,000,000"
CGTN Radio,,Anglosphere,English,China Media Group (CMG),中央广播电视总台,Central Publicity Department,中共中央宣传部,cgtnradio,https://twitter.com/CGTNRadio,725200
CGTN Russian,,Russia,Russian,China Media Group (CMG),中央广播电视总台,Central Publicity Department,中共中央宣传部,cgtnrussian,https://twitter.com/cgtnrussian,87500
CGTN Sports,,Anglosphere,English,China Media Group (CMG),中央广播电视总台,Central Publicity Department,中共中央宣传部,CGTNSports,https://twitter.com/CGTNSports,1046
CGTN Sports Scene,,Anglosphere,English,China Media Group (CMG),中央广播电视总台,Central Publicity Department,中共中央宣传部,CGTNSportsScene,https://twitter.com/CGTNSportsScene,7582
CGTN Stories,,Anglosphere,English,China Media Group (CMG),中央广播电视总台,Central Publicity Department,中共中央宣传部,CGTNStories,https://twitter.com/CGTNStories,1669
CGTN Tech,,Anglosphere,English,China Media Group (CMG),中央广播电视总台,Central Publicity Department,中共中央宣传部,CGTNTech,https://twitter.com/CGTNTech,1206
CGTN Travel,,Anglosphere,English,China Media Group (CMG),中央广播电视总台,Central Publicity Department,中共中央宣传部,CGTNTravel,https://twitter.com/CGTNTravel,494
CGTN Travelogue,,Anglosphere,English,China Media Group (CMG),中央广播电视总台,Central Publicity Department,中共中央宣传部,cgtntravelogue,https://twitter.com/cgtntravelogue,973
CGTN United Nations,,Anglosphere,English,China Media Group (CMG),中央广播电视总台,Central Publicity Department,中共中央宣传部,cgtnun,https://twitter.com/cgtnun,33
Zhang Ping,,USA,English,Ministry of Foreign Affairs,中华人民共和国外交部,Ministry of Foreign Affairs,中华人民共和国外交部,CGZhangPingLA,https://twitter.com/CGZhangPingLA,7021
Liu Chen,,Kenya,English,China Media Group (CMG),中央广播电视总台,Central Publicity Department,中共中央宣传部,Chen1126,https://twitter.com/Chen1126,2052
Chen Huixin,,Finland,English,Ministry of Foreign Affairs,中华人民共和国外交部,Ministry of Foreign Affairs,中华人民共和国外交部,chenhuixin,https://twitter.com/chenhuixin,736
Chen Juan,,Anglosphere,English,Shanghai Media Group (SMG),上海文化广播影视集团有限公司,Shanghai Municipal Committee,中共上海市委,Chenjuan,https://twitter.com/Chenjuan,592
Chen Mingjian,陈明健,Tanzania,English,Ministry of Foreign Affairs,中华人民共和国外交部,Ministry of Foreign Affairs,中华人民共和国外交部,ChenMingjian_CN,https://twitter.com/ChenMingjian_CN,10500
Chen Ping,陈平,Spain,Spanish,Ministry of Foreign Affairs,中华人民共和国外交部,Ministry of Foreign Affairs,中华人民共和国外交部,ChenPingMFA,https://twitter.com/ChenPingMFA,8391
Chen Weihua,陈卫华,Anglosphere,English,China Daily Press,中国日报社,Central Publicity Department,中共中央宣传部,chenweihua,https://twitter.com/chenweihua,195700
Chen Wendi,,Somalia,English,Ministry of Foreign Affairs,中华人民共和国外交部,Ministry of Foreign Affairs,中华人民共和国外交部,CHENWendi11,https://twitter.com/CHENWendi11,241
China Focus,,Anglosphere,English,China International Communications Group (CICG),中国外文出版发行事业局,Central Publicity Department,中共中央宣传部,China__Focus,https://twitter.com/China__Focus,61100
Chinese Embassy in India,,India,English,Ministry of Foreign Affairs,中华人民共和国外交部,Ministry of Foreign Affairs,中华人民共和国外交部,China_Amb_India,https://twitter.com/China_Amb_India,96200
Wang Lixin,,Maldives,English,Ministry of Foreign Affairs,中华人民共和国外交部,Ministry of Foreign Affairs,中华人民共和国外交部,China_Amb_Mdv,https://twitter.com/China_Amb_Mdv,20100
Guo Shaochun,,Zimbabwe,English,Ministry of Foreign Affairs,中华人民共和国外交部,Ministry of Foreign Affairs,中华人民共和国外交部,China_Amb_Zim,https://twitter.com/China_Amb_Zim,16400
Lin Jing,林静,Anglosphere,English,Ministry of Foreign Affairs,中华人民共和国外交部,Ministry of Foreign Affairs,中华人民共和国外交部,CHINA_DIPLOMAT,https://twitter.com/CHINA_DIPLOMAT,11100
Chinese Embassy in Nigeria,,Nigeria,English,Ministry of Foreign Affairs,中华人民共和国外交部,Ministry of Foreign Affairs,中华人民共和国外交部,china_emb_ng,https://twitter.com/china_emb_ng,4238
Chinese Embassy in Colombia,,Colombia,English,Ministry of Foreign Affairs,中华人民共和国外交部,Ministry of Foreign Affairs,中华人民共和国外交部,china_embajada,https://twitter.com/china_embajada,8929
Chinese Consulate General in Lyon,,France,French,Ministry of Foreign Affairs,中华人民共和国外交部,Ministry of Foreign Affairs,中华人民共和国外交部,China_Lyon,https://twitter.com/China_Lyon,2853
Chinese Permanent Mission to the OPCW,,Netherlands,English,Ministry of Foreign Affairs,中华人民共和国外交部,Ministry of Foreign Affairs,中华人民共和国外交部,China_OPCW,https://twitter.com/China_OPCW,2751
Chinese Embassy in Ukraine,中华人民共和国驻乌克兰大使馆,Ukraine,Ukrainian,Ministry of Foreign Affairs,中华人民共和国外交部,Ministry of Foreign Affairs,中华人民共和国外交部,China_Ukraine_,https://twitter.com/China_Ukraine_,882
"Xiamen, China",,Fujian,English,Xiamen Culture and Tourism Bureau,厦门市文化和旅游局,Xiamen Municipal People's Government,厦门市人民政府,china_xiamen,https://twitter.com/china_xiamen,12900
CGTN China Takeaway,,Anglosphere,English,China Media Group (CMG),中央广播电视总台,Central Publicity Department,中共中央宣传部,China24Official,https://twitter.com/China24Official,2931
Hou Yanqi,,ASEAN,English,Ministry of Foreign Affairs,中华人民共和国外交部,Ministry of Foreign Affairs,中华人民共和国外交部,China2ASEAN,https://twitter.com/China2ASEAN,107600
Cao Zhongming,,Belgium,English,Ministry of Foreign Affairs,中华人民共和国外交部,Ministry of Foreign Affairs,中华人民共和国外交部,ChinaAmbBelgium,https://twitter.com/ChinaAmbBelgium,9679
Tan Jian,,Netherlands,English,Ministry of Foreign Affairs,中华人民共和国外交部,Ministry of Foreign Affairs,中华人民共和国外交部,ChinaAmbNL,https://twitter.com/ChinaAmbNL,2907
Chen Xiaodong,,South Africa,English,Ministry of Foreign Affairs,中华人民共和国外交部,Ministry of Foreign Affairs,中华人民共和国外交部,ChinaAmbSA,https://twitter.com/ChinaAmbSA,52900
Zhang Jun,,UN,English,Ministry of Foreign Affairs,中华人民共和国外交部,Ministry of Foreign Affairs,中华人民共和国外交部,ChinaAmbUN,https://twitter.com/ChinaAmbUN,67800
Chinese Embassy in Samoa,,Samoa,English,Ministry of Foreign Affairs,中华人民共和国外交部,Ministry of Foreign Affairs,中华人民共和国外交部,chinaandsamoa,https://twitter.com/chinaandsamoa,5368
Chinese Consulate General in Christchurch,中国驻克赖斯特彻奇总领馆,New Zealand,English,Ministry of Foreign Affairs,中华人民共和国外交部,Ministry of Foreign Affairs,中华人民共和国外交部,ChinaCG_CC,https://twitter.com/ChinaCG_CC,2630
Chinese Consulate General in Frankfurt am Main,,Germany,German,Ministry of Foreign Affairs,中华人民共和国外交部,Ministry of Foreign Affairs,中华人民共和国外交部,ChinaCG_Ffm,https://twitter.com/ChinaCG_Ffm,2908
Chinese Consulate General in Munich,,Germany,German,Ministry of Foreign Affairs,中华人民共和国外交部,Ministry of Foreign Affairs,中华人民共和国外交部,ChinaCG_Muc,https://twitter.com/ChinaCG_Muc,3038
Chinese Consulate General in New York,,USA,English,Ministry of Foreign Affairs,中华人民共和国外交部,Ministry of Foreign Affairs,中华人民共和国外交部,ChinaCG_NYC,https://twitter.com/ChinaCG_NYC,3067
Chinese Consulate General in Calgary,中国驻卡尔加里总领馆,Canada,English,Ministry of Foreign Affairs,中华人民共和国外交部,Ministry of Foreign Affairs,中华人民共和国外交部,ChinaCGCalgary,https://twitter.com/ChinaCGCalgary,3689
Chinese Consulate General in Edinburgh,中国驻爱丁堡总领馆,UK,English,Ministry of Foreign Affairs,中华人民共和国外交部,Ministry of Foreign Affairs,中华人民共和国外交部,chinacgedi,https://twitter.com/chinacgedi,3329
Chinese Consulate General in Montréal,,Canada,French,Ministry of Foreign Affairs,中华人民共和国外交部,Ministry of Foreign Affairs,中华人民共和国外交部,ChinaCGMTL,https://twitter.com/ChinaCGMTL,996
Chinese Consulate General in Almaty,中国驻阿拉木图总领馆,Kazakhstan,Russian,Ministry of Foreign Affairs,中华人民共和国外交部,Ministry of Foreign Affairs,中华人民共和国外交部,ChinaConsAlmaty,https://twitter.com/ChinaConsAlmaty,4228
Chinese Consulate General in Chicago,中国驻芝加哥总领馆,USA,English,Ministry of Foreign Affairs,中华人民共和国外交部,Ministry of Foreign Affairs,中华人民共和国外交部,ChinaConsulate,https://twitter.com/ChinaConsulate,5755
Chinese Consulate General in Istanbul Spokesperson,,Türkiye,Turkish,Ministry of Foreign Affairs,中华人民共和国外交部,Ministry of Foreign Affairs,中华人民共和国外交部,chinaconsulist,https://twitter.com/chinaconsulist,9327
Chinese Consulate General in Sydney,,Australia,English,Ministry of Foreign Affairs,中华人民共和国外交部,Ministry of Foreign Affairs,中华人民共和国外交部,ChinaConSydney,https://twitter.com/ChinaConSydney,9035
China Culture,,Anglosphere,English,China Daily Press,中国日报社,Ministry of Culture and Tourism,中华人民共和国文化和旅游部,Chinacultureorg,https://twitter.com/Chinacultureorg,24600
China Daily,中国日报,Anglosphere,English,China Daily Press,中国日报社,Central Publicity Department,中共中央宣传部,ChinaDaily,https://twitter.com/ChinaDaily,"4,100,000"
China Daily EU Bureau,,EU,English,China Daily Press,中国日报社,Central Publicity Department,中共中央宣传部,ChinaDaily_EU,https://twitter.com/ChinaDaily_EU,1375
China Daily Life,,Anglosphere,English,China Daily Press,中国日报社,Central Publicity Department,中共中央宣传部,ChinaDaily_Life,https://twitter.com/ChinaDaily_Life,993
China Daily Asia,,Anglosphere,English,China Daily Press,中国日报社,Central Publicity Department,中共中央宣传部,ChinaDailyAsia,https://twitter.com/ChinaDailyAsia,26900
China Daily Europe,,EU,English,China Daily Press,中国日报社,Central Publicity Department,中共中央宣传部,ChinaDailyEU,https://twitter.com/ChinaDailyEU,10200
China Daily World,,Anglosphere,English,China Daily Press,中国日报社,Central Publicity Department,中共中央宣传部,ChinaDailyWorld,https://twitter.com/ChinaDailyWorld,1387
China.com (Japanese),,Japan,Japanese,China Media Group (CMG),中央广播电视总台,Central Publicity Department,中共中央宣传部,chinadotcom_JP,https://twitter.com/chinadotcom_JP,38100
Chinese Embassy in Greece,,Greece,Greek,Ministry of Foreign Affairs,中华人民共和国外交部,Ministry of Foreign Affairs,中华人民共和国外交部,Chinaemb_Hellas,https://twitter.com/Chinaemb_Hellas,3940
Chinese Embassy in South Sudan,中国驻南苏丹使馆,South Sudan,English,Ministry of Foreign Affairs,中华人民共和国外交部,Ministry of Foreign Affairs,中华人民共和国外交部,ChinaEmb_Juba,https://twitter.com/ChinaEmb_Juba,1276
Zhao Zhiyuan,赵志远,Ethiopia,English,Ministry of Foreign Affairs,中华人民共和国外交部,Ministry of Foreign Affairs,中华人民共和国外交部,ChinaEmbAddis,https://twitter.com/ChinaEmbAddis,17200
Chinese Embassy in Chile,,Chile,Spanish,Ministry of Foreign Affairs,中华人民共和国外交部,Ministry of Foreign Affairs,中华人民共和国外交部,ChinaEmbajada,https://twitter.com/ChinaEmbajada,2479
Chinese Embassy in Dominican Republic,,Dominican Republic,Spanish,Ministry of Foreign Affairs,中华人民共和国外交部,Ministry of Foreign Affairs,中华人民共和国外交部,ChinaEmbajadaRD,https://twitter.com/ChinaEmbajadaRD,8233
Chinese Embassy in Algeria,中国驻阿尔及利亚大使馆,Algeria,Arabic,Ministry of Foreign Affairs,中华人民共和国外交部,Ministry of Foreign Affairs,中华人民共和国外交部,ChinaEmbAlgeria,https://twitter.com/ChinaEmbAlgeria,15600
Chinese Embassy in Angola,,Angola,Portuguese,Ministry of Foreign Affairs,中华人民共和国外交部,Ministry of Foreign Affairs,中华人民共和国外交部,ChinaEmbAngola,https://twitter.com/ChinaEmbAngola,4160
Chinese Embassy in Antigua and Barbuda,,Antigua and Barbuda,English,Ministry of Foreign Affairs,中华人民共和国外交部,Ministry of Foreign Affairs,中华人民共和国外交部,ChinaEmbAntigua,https://twitter.com/ChinaEmbAntigua,1779
Chinese Embassy in Argentina,,Argentina,Spanish,Ministry of Foreign Affairs,中华人民共和国外交部,Ministry of Foreign Affairs,中华人民共和国外交部,ChinaEmbArg,https://twitter.com/ChinaEmbArg,9958
Chinese Embassy in Maldives,,Maldives,English,Ministry of Foreign Affairs,中华人民共和国外交部,Ministry of Foreign Affairs,中华人民共和国外交部,ChinaEmbassy_MV,https://twitter.com/ChinaEmbassy_MV,2849
Chinese Embassy in Malawi,,Malawi,English,Ministry of Foreign Affairs,中华人民共和国外交部,Ministry of Foreign Affairs,中华人民共和国外交部,ChinaEmbassy_MW,https://twitter.com/ChinaEmbassy_MW,3752
Chinese Embassy in Albania,,Albania,Albanian,Ministry of Foreign Affairs,中华人民共和国外交部,Ministry of Foreign Affairs,中华人民共和国外交部,ChinaembassyT,https://twitter.com/ChinaembassyT,3555
Chinese Embassy in Austria,,Austria,German,Ministry of Foreign Affairs,中华人民共和国外交部,Ministry of Foreign Affairs,中华人民共和国外交部,chinaembaustria,https://twitter.com/chinaembaustria,6804
Chinese Embassy in Bahrain,中国驻巴林大使馆,Bahrain,Arabic,Ministry of Foreign Affairs,中华人民共和国外交部,Ministry of Foreign Affairs,中华人民共和国外交部,ChinaEmbBahrain,https://twitter.com/ChinaEmbBahrain,1501
Chinese Embassy in Rep. of Congo (Brazzaville),中华人民共和国驻刚果共和国大使馆官,Rep. of Congo,French,Ministry of Foreign Affairs,中华人民共和国外交部,Ministry of Foreign Affairs,中华人民共和国外交部,chinaembcongobz,https://twitter.com/chinaembcongobz,3161
Chinese Embassy in Croatia,,Croatia,English,Ministry of Foreign Affairs,中华人民共和国外交部,Ministry of Foreign Affairs,中华人民共和国外交部,ChinaEmbCroatia,https://twitter.com/ChinaEmbCroatia,1625
Chinese Embassy in Belgium,,Belgium,French,Ministry of Foreign Affairs,中华人民共和国外交部,Ministry of Foreign Affairs,中华人民共和国外交部,ChinaEmBE,https://twitter.com/ChinaEmBE,1257
Chinese Embassy in Eritrea,,Eritrea,English,Ministry of Foreign Affairs,中华人民共和国外交部,Ministry of Foreign Affairs,中华人民共和国外交部,ChinaEmbEritrea,https://twitter.com/ChinaEmbEritrea,5816
Chinese Embassy in Spain,,Spain,Spanish,Ministry of Foreign Affairs,中华人民共和国外交部,Ministry of Foreign Affairs,中华人民共和国外交部,ChinaEmbEsp,https://twitter.com/ChinaEmbEsp,27300
Chinese Embassy in Germany,中国驻德国大使馆,Germany,German,Ministry of Foreign Affairs,中华人民共和国外交部,Ministry of Foreign Affairs,中华人民共和国外交部,ChinaEmbGermany,https://twitter.com/ChinaEmbGermany,7946
Chinese Embassy in Grenada,,Grenada,English,Ministry of Foreign Affairs,中华人民共和国外交部,Ministry of Foreign Affairs,中华人民共和国外交部,ChinaEmbGrenada,https://twitter.com/ChinaEmbGrenada,6585
Chinese Embassy in Switzerland,,Switzerland,English,Ministry of Foreign Affairs,中华人民共和国外交部,Ministry of Foreign Affairs,中华人民共和国外交部,ChinaEmbinCH,https://twitter.com/ChinaEmbinCH,7930
Chinese Embassy in Ghana,中国驻加纳大使馆,Ghana,English,Ministry of Foreign Affairs,中华人民共和国外交部,Ministry of Foreign Affairs,中华人民共和国外交部,ChinaEmbinGH,https://twitter.com/ChinaEmbinGH,5437
Chinese Embassy in Mauritania,中国驻毛里塔尼亚使馆,Mauritania,Arabic,Ministry of Foreign Affairs,中华人民共和国外交部,Ministry of Foreign Affairs,中华人民共和国外交部,ChinaEmbinMR,https://twitter.com/ChinaEmbinMR,3033
Chinese Embassy in New Zealand,,New Zealand,English,Ministry of Foreign Affairs,中华人民共和国外交部,Ministry of Foreign Affairs,中华人民共和国外交部,ChinaEmbInNZ,https://twitter.com/ChinaEmbInNZ,1074
Chinese Embassy in Rwanda,,Rwanda,English,Ministry of Foreign Affairs,中华人民共和国外交部,Ministry of Foreign Affairs,中华人民共和国外交部,ChinaEmbinRW,https://twitter.com/ChinaEmbinRW,2316
Chinese Embassy in Ireland,,Ireland,English,Ministry of Foreign Affairs,中华人民共和国外交部,Ministry of Foreign Affairs,中华人民共和国外交部,ChinaEmbIreland,https://twitter.com/ChinaEmbIreland,5150
Zhao Xing,赵星,Afghanistan,English,Ministry of Foreign Affairs,中华人民共和国外交部,Ministry of Foreign Affairs,中华人民共和国外交部,ChinaEmbKabul,https://twitter.com/ChinaEmbKabul,27400
Chinese Embassy in Kazakhstan,,Kazakhstan,Russian,Ministry of Foreign Affairs,中华人民共和国外交部,Ministry of Foreign Affairs,中华人民共和国外交部,ChinaEmbKazakh,https://twitter.com/ChinaEmbKazakh,3126
Chinese Embassy in Saudi Arabia,,Saudi Arabia,Arabic,Ministry of Foreign Affairs,中华人民共和国外交部,Ministry of Foreign Affairs,中华人民共和国外交部,ChinaEmbKSA,https://twitter.com/ChinaEmbKSA,17000
Chinese Embassy in Kuwait,,Kuwait,Arabic,Ministry of Foreign Affairs,中华人民共和国外交部,Ministry of Foreign Affairs,中华人民共和国外交部,ChinaEmbKuwait,https://twitter.com/ChinaEmbKuwait,3651
Chinese Embassy in Lesotho,,Lesotho,English,Ministry of Foreign Affairs,中华人民共和国外交部,Ministry of Foreign Affairs,中华人民共和国外交部,ChinaEmbLesotho,https://twitter.com/ChinaEmbLesotho,1240
Chinese Embassy in Malta,,Malta,English,Ministry of Foreign Affairs,中华人民共和国外交部,Ministry of Foreign Affairs,中华人民共和国外交部,ChinaEmbMalta,https://twitter.com/ChinaEmbMalta,2356
Chinese Embassy in Philippines,,Philippines,English,Ministry of Foreign Affairs,中华人民共和国外交部,Ministry of Foreign Affairs,中华人民共和国外交部,Chinaembmanila,https://twitter.com/Chinaembmanila,14600
Chinese Embassy in Namibia,,Namibia,English,Ministry of Foreign Affairs,中华人民共和国外交部,Ministry of Foreign Affairs,中华人民共和国外交部,ChinaEmbNamibia,https://twitter.com/ChinaEmbNamibia,1890
Chinese Embassy in Netherlands,,Netherlands,English,Ministry of Foreign Affairs,中华人民共和国外交部,Ministry of Foreign Affairs,中华人民共和国外交部,ChinaEmbNL,https://twitter.com/ChinaEmbNL,5805
Chinese Embassy in Canada,中国驻加拿大大使馆,Canada,English,Ministry of Foreign Affairs,中华人民共和国外交部,Ministry of Foreign Affairs,中华人民共和国外交部,ChinaEmbOttawa,https://twitter.com/ChinaEmbOttawa,15500
Chinese Embassy in Peru,中国驻秘鲁使馆,Peru,Spanish,Ministry of Foreign Affairs,中华人民共和国外交部,Ministry of Foreign Affairs,中华人民共和国外交部,ChinaEmbPeru,https://twitter.com/ChinaEmbPeru,11900
Chinese Embassy in Poland,,Poland,Polish,Ministry of Foreign Affairs,中华人民共和国外交部,Ministry of Foreign Affairs,中华人民共和国外交部,ChinaEmbPoland,https://twitter.com/ChinaEmbPoland,6868
Chinese Embassy in Portugal,中国驻葡萄牙大使馆,Portugal,Portuguese,Ministry of Foreign Affairs,中华人民共和国外交部,Ministry of Foreign Affairs,中华人民共和国外交部,ChinaEmbPt,https://twitter.com/ChinaEmbPt,2896
Chinese Embassy in Sri Lanka,中国驻斯里兰卡大使馆,Sri Lanka,English,Ministry of Foreign Affairs,中华人民共和国外交部,Ministry of Foreign Affairs,中华人民共和国外交部,ChinaEmbSL,https://twitter.com/ChinaEmbSL,25600
Chinese Embassy in Slovakia,中国驻斯洛伐克使馆,Slovakia,English,Ministry of Foreign Affairs,中华人民共和国外交部,Ministry of Foreign Affairs,中华人民共和国外交部,ChinaEmbSVK,https://twitter.com/ChinaEmbSVK,5439
Chinese Embassy in Slovenia,,Slovenia,English,Ministry of Foreign Affairs,中华人民共和国外交部,Ministry of Foreign Affairs,中华人民共和国外交部,ChinaEmSlovenia,https://twitter.com/ChinaEmSlovenia,5058
Chinese Embassy in EU,,EU,English,Ministry of Foreign Affairs,中华人民共和国外交部,Ministry of Foreign Affairs,中华人民共和国外交部,ChinaEUMission,https://twitter.com/ChinaEUMission,25900
China.org.cn (French),,la Francophonie,French,China International Communications Group (CICG),中国外文出版发行事业局,Central Publicity Department,中共中央宣传部,chinafrance,https://twitter.com/chinafrance,23600
Chinese Embassy in Denmark,,Denmark,English,Ministry of Foreign Affairs,中华人民共和国外交部,Ministry of Foreign Affairs,中华人民共和国外交部,ChinaInDenmark,https://twitter.com/ChinaInDenmark,2128
Qian Minjian,,Lebanon,Arabic,Ministry of Foreign Affairs,中华人民共和国外交部,Ministry of Foreign Affairs,中华人民共和国外交部,ChinainLebanon,https://twitter.com/ChinainLebanon,12700
Chinese Consulate General in Vancouver,,Canada,English,Ministry of Foreign Affairs,中华人民共和国外交部,Ministry of Foreign Affairs,中华人民共和国外交部,ChinainVan,https://twitter.com/ChinainVan,2168
Chinese Embassy in Iraq,,Iraq,Arabic,Ministry of Foreign Affairs,中华人民共和国外交部,Ministry of Foreign Affairs,中华人民共和国外交部,ChinaIraq,https://twitter.com/ChinaIraq,13200
Chinese Embassy in United Nations (NYC),,UN,English,Ministry of Foreign Affairs,中华人民共和国外交部,Ministry of Foreign Affairs,中华人民共和国外交部,Chinamission2un,https://twitter.com/Chinamission2un,141500
Chinese Embassy in Switzerland (UN Missions),,Switzerland,English,Ministry of Foreign Affairs,中华人民共和国外交部,Ministry of Foreign Affairs,中华人民共和国外交部,ChinaMissionGva,https://twitter.com/ChinaMissionGva,5316
China.org.cn (English),中国网,Anglosphere,English,China International Communications Group (CICG),中国外文出版发行事业局,Central Publicity Department,中共中央宣传部,chinaorgcn,https://twitter.com/chinaorgcn,"1,000,000"
China Plus Podcasts,,Anglosphere,English,China Media Group (CMG),中央广播电视总台,Central Publicity Department,中共中央宣传部,ChinaPlusPods,https://twitter.com/ChinaPlusPods,7272
People's Daily China Science,,Anglosphere,English,People's Daily Press,人民日报社,Central Committee of the Chinese Communist Party,中国共产党中央委员会,ChinaScience,https://twitter.com/ChinaScience,"2,000,000"
State Council Information Office (SCIO),国务院新闻办公室,Anglosphere,English,State Council Information Office (SCIO),国务院新闻办公室,State Council,中华人民共和国国务院,chinascio,https://twitter.com/chinascio,55200
Wang Xiaojian,,India,English,Ministry of Foreign Affairs,中华人民共和国外交部,Ministry of Foreign Affairs,中华人民共和国外交部,ChinaSpox_India,https://twitter.com/ChinaSpox_India,12900
China Today,今日中国,Anglosphere,English,China International Communications Group (CICG),中国外文出版发行事业局,Central Publicity Department,中共中央宣传部,chinatoday_com,https://twitter.com/ChinaToday_com,471
China Youth Daily,中国青年报,China,Chinese,China Youth Daily Press,中国青年报社,Central Committee of the Communist Youth League,共青团中央,ChinaYouthOL,https://twitter.com/ChinaYouthOL,147
Chinese Embassy in Mali,中国驻马里大使馆,Mali,French,Ministry of Foreign Affairs,中华人民共和国外交部,Ministry of Foreign Affairs,中华人民共和国外交部,Chine_au_Mali,https://twitter.com/Chine_au_Mali,4741
Chinese Embassy in Guinea,中华人民共和国驻几内亚共和国大使馆,Guinea,French,Ministry of Foreign Affairs,中华人民共和国外交部,Ministry of Foreign Affairs,中华人民共和国外交部,chine_guinee,https://twitter.com/chine_guinee,5545
Chinese Embassy in Sénégal,,Senegal,French,Ministry of Foreign Affairs,中华人民共和国外交部,Ministry of Foreign Affairs,中华人民共和国外交部,ChineAmbassade,https://twitter.com/ChineAmbassade,1481
Chinese Embassy in Djibouti,,Djibouti,French,Ministry of Foreign Affairs,中华人民共和国外交部,Ministry of Foreign Affairs,中华人民共和国外交部,ChineAmbDjibout,https://twitter.com/ChineAmbDjibout,3205
Chinese Embassy in Morocco,,Morocco,French,Ministry of Foreign Affairs,中华人民共和国外交部,Ministry of Foreign Affairs,中华人民共和国外交部,ChineAmbMaroc,https://twitter.com/ChineAmbMaroc,3360
Liu Jin,刘晋,Gambia,English,Ministry of Foreign Affairs,中华人民共和国外交部,Ministry of Foreign Affairs,中华人民共和国外交部,ChineseAmb_GM,https://twitter.com/ChineseAmb_GM,1617
Kong Xianhua,,India,English,Ministry of Foreign Affairs,中华人民共和国外交部,Ministry of Foreign Affairs,中华人民共和国外交部,ChineseCGMumbai,https://twitter.com/ChineseCGMumbai,1873
Chinese Consulate General in Melbourne,,Australia,English,Ministry of Foreign Affairs,中华人民共和国外交部,Ministry of Foreign Affairs,中华人民共和国外交部,ChineseCon_Mel,https://twitter.com/ChineseCon_Mel,2881
Chinese Embassy in Fiji,,Fiji,English,Ministry of Foreign Affairs,中华人民共和国外交部,Ministry of Foreign Affairs,中华人民共和国外交部,ChineseEmb_FJ,https://twitter.com/ChineseEmb_FJ,3216
Chinese Embassy in Papua New Guinea,,Papua New Guinea,English,Ministry of Foreign Affairs,中华人民共和国外交部,Ministry of Foreign Affairs,中华人民共和国外交部,ChineseEmb_PNG,https://twitter.com/ChineseEmb_PNG,6257
Chinese Embassy in Uganda,,Uganda,English,Ministry of Foreign Affairs,中华人民共和国外交部,Ministry of Foreign Affairs,中华人民共和国外交部,ChineseEmb_Uga,https://twitter.com/ChineseEmb_Uga,10800
Chinese Embassy in Thailand,,Thailand,Thai,Ministry of Foreign Affairs,中华人民共和国外交部,Ministry of Foreign Affairs,中华人民共和国外交部,chineseembassy1,https://twitter.com/chineseembassy1,977
Chinese Embassy in Jordan,中国驻约旦使馆,Jordan,Arabic,Ministry of Foreign Affairs,中华人民共和国外交部,Ministry of Foreign Affairs,中华人民共和国外交部,ChineseembassyJ,https://twitter.com/ChineseembassyJ,5365
Chinese Embassy in Hungary,,Hungary,Hungarian,Ministry of Foreign Affairs,中华人民共和国外交部,Ministry of Foreign Affairs,中华人民共和国外交部,ChineseEmbinHU,https://twitter.com/ChineseEmbinHU,6367
Chinese Embassy in Montenegro,,Montenegro,Serbian,Ministry of Foreign Affairs,中华人民共和国外交部,Ministry of Foreign Affairs,中华人民共和国外交部,ChineseEmbinMNE,https://twitter.com/ChineseEmbinMNE,1514
Chinese Embassy in Russia,中国驻俄罗斯大使馆,Russia,Russian,Ministry of Foreign Affairs,中华人民共和国外交部,Ministry of Foreign Affairs,中华人民共和国外交部,ChineseEmbinRus,https://twitter.com/ChineseEmbinRus,27200
Chinese Embassy in United Kingdom (UK),中国驻英国大使馆,UK,English,Ministry of Foreign Affairs,中华人民共和国外交部,Ministry of Foreign Affairs,中华人民共和国外交部,ChineseEmbinUK,https://twitter.com/ChineseEmbinUK,43700
Chinese Embassy in United States,,USA,English,Ministry of Foreign Affairs,中华人民共和国外交部,Ministry of Foreign Affairs,中华人民共和国外交部,ChineseEmbinUS,https://twitter.com/ChineseEmbinUS,118100
Chinese Embassy in Kenya,,Kenya,English,Ministry of Foreign Affairs,中华人民共和国外交部,Ministry of Foreign Affairs,中华人民共和国外交部,ChineseEmbKenya,https://twitter.com/ChineseEmbKenya,15800
Chinese Embassy in Yemen,中国驻也门大使馆,Yemen,Arabic,Ministry of Foreign Affairs,中华人民共和国外交部,Ministry of Foreign Affairs,中华人民共和国外交部,ChineseEmbtoYEM,https://twitter.com/ChineseEmbtoYEM,62700
Chinese Embassy in Tanzania,,Tanzania,Swahili,Ministry of Foreign Affairs,中华人民共和国外交部,Ministry of Foreign Affairs,中华人民共和国外交部,ChineseEmbTZ,https://twitter.com/ChineseEmbTZ,15800
Chinese Embassy in Estonia,,Estonia,Estonian,Ministry of Foreign Affairs,中华人民共和国外交部,Ministry of Foreign Affairs,中华人民共和国外交部,ChineseEstonia,https://twitter.com/ChineseEstonia,1409
Chinese Embassy in Liberia,,Liberia,English,Ministry of Foreign Affairs,中华人民共和国外交部,Ministry of Foreign Affairs,中华人民共和国外交部,ChineseLiberia,https://twitter.com/ChineseLiberia,6373
Chinese Embassy in Somalia,,Somalia,English,Ministry of Foreign Affairs,中华人民共和国外交部,Ministry of Foreign Affairs,中华人民共和国外交部,ChineseSomalia,https://twitter.com/ChineseSomalia,12200
Chinese Embassy in Zimbabwe,,Zimbabwe,English,Ministry of Foreign Affairs,中华人民共和国外交部,Ministry of Foreign Affairs,中华人民共和国外交部,ChineseZimbabwe,https://twitter.com/ChineseZimbabwe,17200
Chloé Zhou,,la Francophonie,French,China Media Group (CMG),中央广播电视总台,Central Publicity Department,中共中央宣传部,chloezhou21,https://twitter.com/chloezhou21,897
Chinese Embassy in Egypt,中国驻埃及大使馆,Egypt,Arabic,Ministry of Foreign Affairs,中华人民共和国外交部,Ministry of Foreign Affairs,中华人民共和国外交部,CHN_EGY,https://twitter.com/CHN_EGY,3092
Chinese Consulate General in Osaka,中華人民共和国駐大阪総領事館,Japan,Japanese,Ministry of Foreign Affairs,中华人民共和国外交部,Ministry of Foreign Affairs,中华人民共和国外交部,ChnConsul_osaka,https://twitter.com/ChnConsul_osaka,21400
Chinese Consulate General in Fukuoka,中華人民共和国駐福岡総領事館,Japan,Japanese,Ministry of Foreign Affairs,中华人民共和国外交部,Ministry of Foreign Affairs,中华人民共和国外交部,ChnConsulateFuk,https://twitter.com/ChnConsulateFuk,2959
Chinese Consulate General in Johannesburg,,South Africa,English,Ministry of Foreign Affairs,中华人民共和国外交部,Ministry of Foreign Affairs,中华人民共和国外交部,ChnConsulateJhb,https://twitter.com/ChnConsulateJhb,1324
Chinese Consulate General in Nagasaki,中華人民共和国駐長崎総領事館,Japan,Japanese,Ministry of Foreign Affairs,中华人民共和国外交部,Ministry of Foreign Affairs,中华人民共和国外交部,ChnConsulateNag,https://twitter.com/ChnConsulateNag,992
Chinese Consulate General in Nagoya,中華人民共和国駐名古屋総領事館,Japan,Japanese,Ministry of Foreign Affairs,中华人民共和国外交部,Ministry of Foreign Affairs,中华人民共和国外交部,ChnConsulateNgo,https://twitter.com/ChnConsulateNgo,3339
Chinese Consulate General in Niigata,中華人民共和国駐新潟総領事館,Japan,Japanese,Ministry of Foreign Affairs,中华人民共和国外交部,Ministry of Foreign Affairs,中华人民共和国外交部,ChnConsulateNgt,https://twitter.com/ChnConsulateNgt,3130
Chinese Embassy in Japan,中華人民共和国駐日本国大使館,Japan,Japanese,Ministry of Foreign Affairs,中华人民共和国外交部,Ministry of Foreign Affairs,中华人民共和国外交部,ChnEmbassy_jp,https://twitter.com/ChnEmbassy_jp,102400
Chinese Embassy in Sudan,‎中国驻苏丹大使馆,Sudan,Arabic,Ministry of Foreign Affairs,中华人民共和国外交部,Ministry of Foreign Affairs,中华人民共和国外交部,CHNembinSudan,https://twitter.com/CHNembinSudan,6098
Chinese Embassy in Suriname,,Suriname,English,Ministry of Foreign Affairs,中华人民共和国外交部,Ministry of Foreign Affairs,中华人民共和国外交部,CHNEmbSuriname,https://twitter.com/CHNEmbSuriname,1261
Liu Yuyin,,UN,English,Ministry of Foreign Affairs,中华人民共和国外交部,Ministry of Foreign Affairs,中华人民共和国外交部,ChnMission,https://twitter.com/ChnMission,1755
China International Development Cooperation Agency (CIDCA),,Anglosphere,English,China International Development Cooperation Agency (CIDCA),国家国际发展合作署,State Council,中华人民共和国国务院,cidcaofficial,https://twitter.com/cidcaofficial,37900
CRI Italian (Radio Cina Internazionale),,Italy,Italian,China Media Group (CMG),中央广播电视总台,Central Publicity Department,中共中央宣传部,cinitalia,https://twitter.com/cinitalia,2228
Yangtze View World,长江新闻号,Hubei,Chinese,Hubei Radio & Television Station (HBTV),湖北广播电视台,Hubei Provincial People's Government,湖北省人民政府,cjxwh_hbtv,https://twitter.com/cjxwh_hbtv,1153
CGTN Closer to China,,Anglosphere,English,China Media Group (CMG),中央广播电视总台,Central Publicity Department,中共中央宣传部,closertochina,https://twitter.com/closertochina,8795
China Content Center,,China,Chinese,"Shanghai Guanchazhe Information Technology Co.,Ltd",上海观察者信息技术有限公司,Shanghai Academy of Social Sciences (SASS),上海社会科学院,CNContentCenter,https://twitter.com/CNContentCenter,43200
China News Service (CNS) Agency,中國新聞社,China,Chinese,China News Service (CNS),北京中新网信息科技有限公司,United Front Work Department,中共中央统一战线工作部,CNS1952,https://twitter.com/CNS1952,494700
CRI Polish,,Poland,Polish,China Media Group (CMG),中央广播电视总台,Central Publicity Department,中共中央宣传部,CoChwila,https://twitter.com/CoChwila,567
Xu Zhike (Coco Studio),,la Francophonie,French,China Media Group (CMG),中央广播电视总台,Central Publicity Department,中共中央宣传部,CocoStudio4,https://twitter.com/CocoStudio4,982
Chinese Consulate General in Strasbourg,,France,French,Ministry of Foreign Affairs,中华人民共和国外交部,Ministry of Foreign Affairs,中华人民共和国外交部,consulat_de,https://twitter.com/consulat_de,2457
Chinese Consulate General in San Francisco,,USA,English,Ministry of Foreign Affairs,中华人民共和国外交部,Ministry of Foreign Affairs,中华人民共和国外交部,ConsulateSan,https://twitter.com/ConsulateSan,4221
Chinese Consulate General in Barcelona,中国驻巴塞罗那总领馆,Spain,Spanish,Ministry of Foreign Affairs,中华人民共和国外交部,Ministry of Foreign Affairs,中华人民共和国外交部,ConsulChinaBcn,https://twitter.com/ConsulChinaBcn,4495
Chinese Consulate General in Rio de Janeiro,,Brazil,Portuguese,Ministry of Foreign Affairs,中华人民共和国外交部,Ministry of Foreign Affairs,中华人民共和国外交部,ConsulChinaRJ,https://twitter.com/ConsulChinaRJ,2474
CMG Hindi,,India,Hindi,China Media Group (CMG),中央广播电视总台,Central Publicity Department,中共中央宣传部,cri_hindi,https://twitter.com/cri_hindi,52
CRI Türkçe,,Türkiye,Turkish,China Media Group (CMG),中央广播电视总台,Central Publicity Department,中共中央宣传部,CRI_Turkish,https://twitter.com/CRI_Turkish,85200
CRI Arabic,,MENA,Arabic,China Media Group (CMG),中央广播电视总台,Central Publicity Department,中共中央宣传部,criarabic,https://twitter.com/criarabic,22200
CRI Breaking News,,Anglosphere,English,China Media Group (CMG),中央广播电视总台,Central Publicity Department,中共中央宣传部,CRIbrk,https://twitter.com/CRIbrk,437
CRI Français,,la Francophonie,French,China Media Group (CMG),中央广播电视总台,Central Publicity Department,中共中央宣传部,CriFrancais,https://twitter.com/CriFrancais,72900
CRI German,,Germany,German,China Media Group (CMG),中央广播电视总台,Central Publicity Department,中共中央宣传部,CRIGerman1,https://twitter.com/CRIGerman1,54
CRI Greek,,Greece,Greek,China Media Group (CMG),中央广播电视总台,Central Publicity Department,中共中央宣传部,crigreek,https://twitter.com/crigreek,224
CRI Hausa,,Nigeria,Hausa,China Media Group (CMG),中央广播电视总台,Central Publicity Department,中共中央宣传部,CRIHausaRadio,https://twitter.com/CRIHausaRadio,1275
CRI Japanese,CRI日本語,Japan,Japanese,China Media Group (CMG),中央广播电视总台,Central Publicity Department,中共中央宣传部,CRIjpn,https://twitter.com/CRIjpn,23300
CRI Pashto,,Afghanistan,Pashto,China Media Group (CMG),中央广播电视总台,Central Publicity Department,中共中央宣传部,cripashto,https://twitter.com/cripashto,59
CRI Sinhala,,Sri Lanka,Sinhalese,China Media Group (CMG),中央广播电视总台,Central Publicity Department,中共中央宣传部,CRIsinhala,https://twitter.com/CRIsinhala,126
CRI Urdu,,Pakistan,Urdu,China Media Group (CMG),中央广播电视总台,Central Publicity Department,中共中央宣传部,criurdu,https://twitter.com/criurdu,82
China State Construction (CSCEC),中国建筑集团有限公司,Anglosphere,English,China State Construction Engineering (CSCEC),中国建筑集团有限公司,State Council,中华人民共和国国务院,CSCECNEWS,https://twitter.com/CSCECNEWS,128900
Zhu Danni (Danni Zhu),,Anglosphere,English,China Media Group (CMG),中央广播电视总台,Central Publicity Department,中共中央宣传部,Danni_Zhu131,https://twitter.com/Danni_Zhu131,21
CRI Mongolian,,Mongolia,Mongolian,China Media Group (CMG),中央广播电视总台,Central Publicity Department,中共中央宣传部,delkhiintsag,https://twitter.com/delkhiintsag,0
Wang Di'er (Deer Wang),王迪迩,Anglosphere,English,Xinhua News Agency,新华社,State Council,中华人民共和国国务院,dier0806,https://twitter.com/dier0806,258
Ding Heng,,Anglosphere,English,China Media Group (CMG),中央广播电视总台,Central Publicity Department,中共中央宣传部,DingHeng6,https://twitter.com/DingHeng6,67
DIOC,国际组织和会议部,China,Chinese,Department of International Organizations and Conferences (DIOC),外交部国际组织和会议部,Ministry of Foreign Affairs,中华人民共和国外交部,DIOC_MFA_China,https://twitter.com/DIOC_MFA_China,707
Discover Binhai,,Anglosphere,English,Department of Culture and Tourism of Tianjin Binhai District,天津市滨海区文化和旅游厅,People's Government of Tianjin Binhai New Area,天津滨海新区人民政府,discoverbinhai,https://twitter.com/discoverbinhai,5112
Discover Guangxi,,Anglosphere,English,Department of Culture and Tourism of Guangxi Zhuang Autonomous Region,广西壮族自治区文化和旅游厅,People's Government of Guangxi Zhuang Autonomous Region,广西壮族自治区人民政府,DiscoverGuangxi,https://twitter.com/DiscoverGuangxi,10700
Discover Jilin,,Anglosphere,English,Department of Culture and Tourism of Jilin Province,吉林省文化和旅游厅,Jilin Provincial People's Government,吉林省人民政府,DiscoverJilin,https://twitter.com/DiscoverJilin,3627
Discover Nanjing,,Anglosphere,English,Department of Culture and Tourism of Nanjing City,南京市文化和旅游厅,Nanjing Municipal People's Government,南京市人民政府,DiscoverNanjing,https://twitter.com/DiscoverNanjing,133100
Discover Zhejiang,,Anglosphere,English,Department of Culture and Tourism of Zhejiang Province,浙江省文化和旅游厅,People's Government of Zhejiang Province,浙江省人民政府,discoverzj,https://twitter.com/discoverzj,80000
Li Dongning,李东宁,Anglosphere,English,China Media Group (CMG),中央广播电视总台,Central Publicity Department,中共中央宣传部,Dongning,https://twitter.com/Dongning,336
FM98 Dosti Channel,,Pakistan,Urdu,China Media Group (CMG),中央广播电视总台,Central Publicity Department,中共中央宣传部,DostiFM98,https://twitter.com/DostiFM98,49800
DotDot News,點新聞,Hong Kong,English,Hong Kong Ta Kung Wen Wei Media Group (HKTKWW),香港大公文匯傳媒集團有限公司,Hong Kong Liaison Office of the Central Government ,香港中联办,dotdotnews111,https://twitter.com/dotdotnews111,6253
Zhao Qinghua,,Switzerland,English,Ministry of Foreign Affairs,中华人民共和国外交部,Ministry of Foreign Affairs,中华人民共和国外交部,Dr_ZhaoQinghua,https://twitter.com/Dr_ZhaoQinghua,1412
Dragon TV,中国东方卫视,Shanghai,Chinese,Shanghai Media Group (SMG),看东方(上海)传媒有限公司,Shanghai Municipal Committee,中共上海市委,dragontv,https://twitter.com/dragontv,189
Zhao Yanbo,,Botswana,English,Ministry of Foreign Affairs,中华人民共和国外交部,Ministry of Foreign Affairs,中华人民共和国外交部,DrZhaoYanbo,https://twitter.com/DrZhaoYanbo,2733
Zhao Yongchen,,Grenada,English,Ministry of Foreign Affairs,中华人民共和国外交部,Ministry of Foreign Affairs,中华人民共和国外交部,DrZhaoyongchen,https://twitter.com/DrZhaoyongchen,4458
Du Ping,杜萍,Anglosphere,English,Ministry of Foreign Affairs,中华人民共和国外交部,Ministry of Foreign Affairs,中华人民共和国外交部,dupingCHN,https://twitter.com/dupingCHN,2376
Discover Xinjiang,,Xinjiang,English,"Beijing Jiandanshiji Culture Media Co., Ltd",北京简单世纪文化传媒有限公司,unknown,,DXinjiang,https://twitter.com/DXinjiang,52600
China News Service Net (eCNS),中国新闻网,China,Chinese,China News Service (CNS),北京中新网信息科技有限公司,United Front Work Department,中共中央统一战线工作部,Echinanews,https://twitter.com/Echinanews,645100
Chinese Embassy in Malawi (Economic Counsellor),,Malawi,English,Ministry of Foreign Affairs,中华人民共和国外交部,Ministry of Foreign Affairs,中华人民共和国外交部,EconomicMalawi,https://twitter.com/EconomicMalawi,96
Economic Daily,经济日报,Anglosphere,English,Economic Daily Newspaper Group,经济日报报业集团,State Council,中华人民共和国国务院,EDNewsChina,https://twitter.com/EDNewsChina,6405
Chinese Embassy in Brazil,,Brazil,Portuguese,Ministry of Foreign Affairs,中华人民共和国外交部,Ministry of Foreign Affairs,中华人民共和国外交部,EmbaixadaChina,https://twitter.com/EmbaixadaChina,119900
Chinese Embassy in Ecuador,,Ecuador,Spanish,Ministry of Foreign Affairs,中华人民共和国外交部,Ministry of Foreign Affairs,中华人民共和国外交部,EmbajadaChinaEc,https://twitter.com/EmbajadaChinaEc,8261
Chinese Embassy in El Salvador,中华人民共和国驻萨尔瓦多大使馆,El Salvador,Spanish,Ministry of Foreign Affairs,中华人民共和国外交部,Ministry of Foreign Affairs,中华人民共和国外交部,EmbajadaChinaSV,https://twitter.com/EmbajadaChinaSV,25400
Wang Gang,,Uruguay,Spanish,Ministry of Foreign Affairs,中华人民共和国外交部,Ministry of Foreign Affairs,中华人民共和国外交部,embajadorcn_uy,https://twitter.com/embajadorcn_uy,4711
Chinese Embassy in Tonga,中国驻汤加大使馆,Tonga,English,Ministry of Foreign Affairs,中华人民共和国外交部,Ministry of Foreign Affairs,中华人民共和国外交部,embassy_chinese,https://twitter.com/embassy_chinese,2533
Chinese Embassy in Serbia,,Serbia,Serbian,Ministry of Foreign Affairs,中华人民共和国外交部,Ministry of Foreign Affairs,中华人民共和国外交部,EmbChina_RS,https://twitter.com/EmbChina_RS,4597
Chinese Embassy in Cuba,,Cuba,Spanish,Ministry of Foreign Affairs,中华人民共和国外交部,Ministry of Foreign Affairs,中华人民共和国外交部,EmbChinaCuba,https://twitter.com/EmbChinaCuba,4947
Chinese Embassy in Equatorial Guinea,中国驻赤道几内亚大使馆,Equatorial Guinea,Spanish,Ministry of Foreign Affairs,中华人民共和国外交部,Ministry of Foreign Affairs,中华人民共和国外交部,EmbChinaGE,https://twitter.com/EmbChinaGE,4656
Chinese Embassy in Mexico,,Mexico,Spanish,Ministry of Foreign Affairs,中华人民共和国外交部,Ministry of Foreign Affairs,中华人民共和国外交部,EmbChinaMex,https://twitter.com/EmbChinaMex,62000
Chinese Embassy in Panama,,Panama,Spanish,Ministry of Foreign Affairs,中华人民共和国外交部,Ministry of Foreign Affairs,中华人民共和国外交部,EmbChinaPa,https://twitter.com/EmbChinaPa,2822
Chinese Embassy in Venezuela,,Venezuela,Spanish,Ministry of Foreign Affairs,中华人民共和国外交部,Ministry of Foreign Affairs,中华人民共和国外交部,EmbChinaVen,https://twitter.com/EmbChinaVen,1028
Qi Mei,亓玫,Austria,German,Ministry of Foreign Affairs,中华人民共和国外交部,Ministry of Foreign Affairs,中华人民共和国外交部,EmbQiMei,https://twitter.com/EmbQiMei,2122
Zhang Run,张润,Mexico,Spanish,Ministry of Foreign Affairs,中华人民共和国外交部,Ministry of Foreign Affairs,中华人民共和国外交部,EmbZhangRun,https://twitter.com/EmbZhangRun,27100
Tian Yuzhen,田玉震,Brazil,English,Ministry of Foreign Affairs,中华人民共和国外交部,Ministry of Foreign Affairs,中华人民共和国外交部,eugenioT14,https://twitter.com/eugenioT14,10700
Cheng Weitong,,Anglosphere,English,China Media Group (CMG),中央广播电视总台,Central Publicity Department,中共中央宣传部,evawcheng,https://twitter.com/evawcheng,458
Explore Gansu,,Anglosphere,English,General Office of the People's Government of Gansu Province,甘肃省人民政府办公厅,Gansu Provincial People's Government,甘肃省人民政府,ExploreGansu,https://twitter.com/ExploreGansu,23800
Fang Yi,,Uganda,English,Ministry of Foreign Affairs,中华人民共和国外交部,Ministry of Foreign Affairs,中华人民共和国外交部,FangYi85320692,https://twitter.com/FangYi85320692,1069
Wang Xin (Fayhaa Wang),,Egypt,Arabic,China Media Group (CMG),中央广播电视总台,Central Publicity Department,中共中央宣传部,fayhaaChina,https://twitter.com/fayhaaChina,6556
Feel China,,Anglosphere,English,China Daily Press,中国日报社,Central Publicity Department,中共中央宣传部,feelchina2021,https://twitter.com/feelchina2021,74
Xinhua Fly Over China,,Anglosphere,English,Xinhua News Agency,新华社,State Council,中华人民共和国国务院,flyoverchina,https://twitter.com/flyoverchina,672100
CGTN Frontline,CGTN记者团,Anglosphere,English,China Media Group (CMG),中央广播电视总台,Central Publicity Department,中共中央宣传部,Frontlinestory,https://twitter.com/Frontlinestory,27500
Fu Cong,傅聪,Belgium,English,Ministry of Foreign Affairs,中华人民共和国外交部,Ministry of Foreign Affairs,中华人民共和国外交部,FuCong17,https://twitter.com/FuCong17,13200
Lu Guijin,律桂軍,Japan,Japanese,Ministry of Foreign Affairs,中华人民共和国外交部,Ministry of Foreign Affairs,中华人民共和国外交部,FukLyuGuijun,https://twitter.com/FukLyuGuijun,2841
CGTN Full Frame,,Anglosphere,English,China Media Group (CMG),中央广播电视总台,Central Publicity Department,中共中央宣传部,FullFrameCGTN,https://twitter.com/FullFrameCGTN,1171
Fuzhou City,,Fujian,Chinese,Fuzhou Culture and Tourism Bureau,福州市文化和旅游局,Fuzhou Municipal People's Government,福州市人民政府,FuzhouCity,https://twitter.com/FuzhouCity,69200
Gabriel Liu,刘改,Brazil,Portuguese,Ministry of Foreign Affairs,中华人民共和国外交部,Ministry of Foreign Affairs,中华人民共和国外交部,gabriekestabem,https://twitter.com/gabriekestabem,1742
Yin Yue (Gabriel Y. Yin),,China,Chinese,China Media Group (CMG),中央广播电视总台,Central Publicity Department,中共中央宣传部,gabrielyin,https://twitter.com/gabrielyin,20
Du Xiaohui,,Germany,German,Ministry of Foreign Affairs,中华人民共和国外交部,Ministry of Foreign Affairs,中华人民共和国外交部,GeneralkonsulDu,https://twitter.com/GeneralkonsulDu,1601
Guo Meiping (Gladys Guo),郭梅平,Anglosphere,English,China Media Group (CMG),中央广播电视总台,Central Publicity Department,中共中央宣传部,GladysGuo,https://twitter.com/GladysGuo,11
GT Business Source,,Anglosphere,English,People's Daily Press,人民日报社,Central Committee of the Chinese Communist Party,中国共产党中央委员会,GlobalTimesBiz,https://twitter.com/GlobalTimesBiz,12800
GT Life,,Anglosphere,English,People's Daily Press,人民日报社,Central Committee of the Chinese Communist Party,中国共产党中央委员会,GlobalTimesLife,https://twitter.com/GlobalTimesLife,1992
Global Times,环球时报,China,Chinese,People's Daily Press,人民日报社,Central Committee of the Chinese Communist Party,中国共产党中央委员会,globaltimesnews,https://twitter.com/globaltimesnews,"1,800,000"
CGTN Global Watch,CGTN《环球瞭望》,Anglosphere,English,China Media Group (CMG),中央广播电视总台,Central Publicity Department,中共中央宣传部,GlobalWatchCGTN,https://twitter.com/GlobalWatchCGTN,2878
"Jiangsu, China",,Anglosphere,English,Jiangsu Provincial Department of Cultural & Tourism,江苏省文化和旅游厅,Jiangsu Provincial People's Government,江苏省人民政府,GoJiangsu,https://twitter.com/GoJiangsu,160600
GT Opinion,,Anglosphere,English,People's Daily Press,人民日报社,Central Committee of the Chinese Communist Party,中国共产党中央委员会,GtOpinion,https://twitter.com/GtOpinion,3297
Guancha Syndicate News,观察者网（新闻）,China,Chinese,"Shanghai Guanchazhe Information Technology Co.,Ltd",上海观察者信息技术有限公司,Shanghai Academy of Social Sciences (SASS),上海社会科学院,GuanchaNewMedia,https://twitter.com/GuanchaNewMedia,15800
Guangming Daily,光明日报,China,Chinese,Guangming Daily Press,光明日报社,Central Publicity Department,中共中央宣传部,Guangming_Daily,https://twitter.com/Guangming_Daily,226200
Guan Xin,关馨,Anglosphere,English,China Media Group (CMG),中央广播电视总台,Central Publicity Department,中共中央宣传部,GuanXinTweets,https://twitter.com/GuanXinTweets,3335
"Guilin, China",桂林网,Guangxi,English,GLTVS,桂林广播电视台,Guilin Municipal People's Government,桂林市人民政府,Guilin__China,https://twitter.com/Guilin__China,51900
Guyan Muchan,孤烟暮蝉,China,Chinese,Guangdong Provincial Cyberspace Administration,广东省网信办,Office of the Cybersecurity and Information Technology Committee of the Guangdong Provincial Committee,中共广东省委网络安全和信息化委员会办公室,guyanmuchan001,https://twitter.com/guyanmuchan001,49000
Gwadar Pro,,Pakistan,Urdu,China Media Group (CMG),中央广播电视总台,Central Publicity Department,中共中央宣传部,Gwadar_Pro,https://twitter.com/Gwadar_Pro,53900
Gong Zhe,巩喆,Anglosphere,English,China Media Group (CMG),中央广播电视总台,Central Publicity Department,中共中央宣传部,gz1988,https://twitter.com/gz1988,37
Haiwai Net (People's Daily Overseas),海外网,USA,English,People's Daily Press,人民日报社,Central Committee of the Chinese Communist Party,中国共产党中央委员会,haiwainet,https://twitter.com/haiwainet,1343
Haiwai Net (US Fusion Center),海外网美国融媒体中心,USA,English,People's Daily Press,人民日报社,Central Committee of the Chinese Communist Party,中国共产党中央委员会,haiwaiwangUS,https://twitter.com/haiwaiwangUS,14600
Yu Yangtao (حكيم),于杨涛,Algeria,Arabic,Ministry of Foreign Affairs,中华人民共和国外交部,Ministry of Foreign Affairs,中华人民共和国外交部,Hakimyu2,https://twitter.com/Hakimyu2,3348
Henan TV,河南公共频道,Henan,Chinese,Henan Broadcasting System,河南广播电视台,Henan Provincial Committee,中共河南省委,Henan_TV,https://twitter.com/Henan_TV,2411
He Rulong,何儒龙,Iceland,English,Ministry of Foreign Affairs,中华人民共和国外交部,Ministry of Foreign Affairs,中华人民共和国外交部,HeRulong,https://twitter.com/HeRulong,6747
He Weiwei,何卫卫,Anglosphere,English,China Media Group (CMG),中央广播电视总台,Central Publicity Department,中共中央宣传部,heweiwei_,https://twitter.com/heweiwei_,267
Chen Peijie,陈佩洁,Brazil,Chinese,Ministry of Foreign Affairs,中华人民共和国外交部,Ministry of Foreign Affairs,中华人民共和国外交部,Hongchencuxian,https://twitter.com/Hongchencuxian,2821
Wang Hao,,Anglosphere,English,China Daily Press,中国日报社,Central Publicity Department,中共中央宣传部,hongfenghuang,https://twitter.com/hongfenghuang,11300
Zhang Hongtie,,Anglosphere,English,Information Department of Foreign Ministry,外交部新闻司,Ministry of Foreign Affairs,中华人民共和国外交部,HongtieZhang,https://twitter.com/HongtieZhang,335
Hu Bin,胡滨,São Tomé and Príncipe,Portuguese,Ministry of Foreign Affairs,中华人民共和国外交部,Ministry of Foreign Affairs,中华人民共和国外交部,HU_Bin_CHN,https://twitter.com/HU_Bin_CHN,2111
Huang Jiyuan,,Anglosphere,English,People's Daily Press,人民日报社,Central Committee of the Chinese Communist Party,中国共产党中央委员会,huang_jiyuan,https://twitter.com/huang_jiyuan,573
Global Times Net,环球网,China,Chinese,People's Daily Press,人民日报社,Central Committee of the Chinese Communist Party,中国共产党中央委员会,Huanqiu_com,https://twitter.com/Huanqiu_com,71900
Zhao Huanxin,,Anglosphere,English,China Daily Press,中国日报社,Central Publicity Department,中共中央宣传部,huanxinzhao,https://twitter.com/huanxinzhao,1747
Gao Huijun,,Indonesia,English,Ministry of Foreign Affairs,中华人民共和国外交部,Ministry of Foreign Affairs,中华人民共和国外交部,hui48298914,https://twitter.com/hui48298914,101
Hunan Times,湖南时刻,Hunan,English,Hunan Rednet New Media Group,湖南红网新媒体集团有限公司,Hunan Provincial Committee,中共湖南省委,HunanTimes,https://twitter.com/HunanTimes,1328
Hu Xijin,胡锡进,Anglosphere,English,People's Daily Press,人民日报社,Central Committee of the Chinese Communist Party,中国共产党中央委员会,HuXijin_GT,https://twitter.com/HuXijin_GT,548800
Charming Changzhou,,Jiangsu,English,Jiangsu Provincial Department of Cultural & Tourism,江苏省文化和旅游厅,Jiangsu Provincial People's Government,江苏省人民政府,iChangzhou,https://twitter.com/iChangzhou,19100
iChongqing,爱重庆,Chongqing,English,Chongqing International Communication Center,重庆国际传播中心,Chongqing Municipal Committee,中共重庆市委,iChongqing_CIMC,https://twitter.com/iChongqing_CIMC,189300
Discover China,,Anglosphere,English,China International Communications Group (CICG),中国外文出版发行事业局,Central Publicity Department,中共中央宣传部,idiscoverchina,https://twitter.com/idiscoverchina,125
"Guizhou, China",,Anglosphere,English,China Daily Press,中国日报社,Guizhou Provincial People's Government,贵州省人民政府,iloveguizhou,https://twitter.com/iloveguizhou,49400
Chinese Embassy in Lithuania,中国驻立陶宛代办处,Lithuania,English,Ministry of Foreign Affairs,中华人民共和国外交部,Ministry of Foreign Affairs,中华人民共和国外交部,in_embassy,https://twitter.com/in_embassy,17100
Zhang Qitong (QiTong Channel / Цитун Чжан),,Russia,Russian,China Media Group (CMG),中央广播电视总台,Central Publicity Department,中共中央宣传部,IN_Studio2020,https://twitter.com/IN_Studio2020,90
In Qingdao (Meet Qingdao),,Anglosphere,English,Qingdao MOFCOM,青岛市商务局,Qingdao Municipal People's Government,青岛市人民政府,InQingdao,https://twitter.com/InQingdao,190100
Insight Ningbo,,Zhejiang,English,China Daily Press,中国日报社,Ningbo Municipal People's Government,宁波市人民政府,InsightNingbo,https://twitter.com/InsightNingbo,52900
iPanda,熊猫频道,Anglosphere,English,China Media Group (CMG),中央广播电视总台,Central Publicity Department,中共中央宣传部,ipandacom,https://twitter.com/ipandacom,159500
Insight Xiangshan,,Anglosphere,English,Zhejiang Media Group (ZMG),浙江广播电视集团新蓝网,Zhejiang Provincial People's Government,浙江省人民政府,IXiangshan,https://twitter.com/IXiangshan,29500
"Zhejiang, China",,Anglosphere,English,China Daily Press,中国日报社,Zhejiang Provincial People's Government,浙江省人民政府,izhejiang,https://twitter.com/izhejiang,88500
Chinese Consulate General in Jeju-Do,中国驻济州总领事馆,South Korea,Korean,Ministry of Foreign Affairs,中华人民共和国外交部,Ministry of Foreign Affairs,中华人民共和国外交部,jejuZLG,https://twitter.com/jejuZLG,2279
Zang Shijie (Jessica Zang),臧诗洁,Anglosphere,English,China Media Group (CMG),中央广播电视总台,Central Publicity Department,中共中央宣传部,JessicaZ1018,https://twitter.com/JessicaZ1018,3083
Jiang Jiang,姜江,Anglosphere,English,Xinhua News Agency,新华社,State Council,中华人民共和国国务院,JiangJiang43,https://twitter.com/JiangJiang43,2759
Li Jianhua,李建华,Anglosphere,English,China Media Group (CMG),中央广播电视总台,Central Publicity Department,中共中央宣传部,JianhuaLi4,https://twitter.com/JianhuaLi4,301
"Jilin, China",,Jilin,English,China Daily Press,中国日报社,Jilin Provincial People's Government,吉林省人民政府,JilinChina,https://twitter.com/JilinChina,29300
Jing Feng,,Mexico,Spanish,Ministry of Foreign Affairs,中华人民共和国外交部,Ministry of Foreign Affairs,中华人民共和国外交部,JingFeng22,https://twitter.com/JingFeng22,1571
Li Jingjing,李菁菁,Anglosphere,English,China Media Group (CMG),中央广播电视总台,Central Publicity Department,中共中央宣传部,Jingjing_Li,https://twitter.com/Jingjing_Li,30000
Ji Tao,,Anglosphere,English,China Daily Press,中国日报社,Central Publicity Department,中共中央宣传部,jtao98,https://twitter.com/jtao98,3753
Jiang Wei (Julio Jiang),姜伟,Panama,Spanish,Ministry of Foreign Affairs,中华人民共和国外交部,Ministry of Foreign Affairs,中华人民共和国外交部,juliojiangwei,https://twitter.com/juliojiangwei,7880
Kui Yingchun (Kate Kui),蒉莺春,Anglosphere,English,China Media Group (CMG),中央广播电视总台,Central Publicity Department,中共中央宣传部,katekuibeijing,https://twitter.com/katekuibeijing,622
Mi Xue (Katie Mi),,Anglosphere,English,China Media Group (CMG),中央广播电视总台,Central Publicity Department,中共中央宣传部,KatieMi17,https://twitter.com/KatieMi17,18
Jilin Daily,吉林日报,Jilin,Chinese,Jilin Daily Press,吉林日报社(吉林日报报业集团),Jilin Provincial Committee,中共吉林省委,kimnaying,https://twitter.com/kimnaying,12200
Cao Bing,,Japan,Japanese,China Media Group (CMG),中央广播电视总台,Central Publicity Department,中共中央宣传部,kooricuc,https://twitter.com/kooricuc,930
Liu Kun,,Anglosphere,English,China Media Group (CMG),中央广播电视总台,Central Publicity Department,中共中央宣传部,KunkunkunLiu,https://twitter.com/KunkunkunLiu,106
Learn Chinese,,Anglosphere,English,China Media Group (CMG),中央广播电视总台,Central Publicity Department,中共中央宣传部,learnchineese,https://twitter.com/learnchineese,378
Han Yingya (Lena Han / LenaStudio),,la Francophonie,French,China Media Group (CMG),中央广播电视总台,Central Publicity Department,中共中央宣传部,lena90830,https://twitter.com/lena90830,388
Li Qian (Leona Li),,Anglosphere,English,China Media Group (CMG),中央广播电视总台,Central Publicity Department,中共中央宣传部,Leona_BJ,https://twitter.com/Leona_BJ,22
Li Baorong,,Venezuela,Spanish,Ministry of Foreign Affairs,中华人民共和国外交部,Ministry of Foreign Affairs,中华人民共和国外交部,Li_Baorong,https://twitter.com/Li_Baorong,8850
Li Xiaosi,,Austria,English,Ministry of Foreign Affairs,中华人民共和国外交部,Ministry of Foreign Affairs,中华人民共和国外交部,li_xiaosi,https://twitter.com/li_xiaosi,47800
Li Yang,,Anglosphere,English,Information Department of Foreign Ministry,外交部新闻司,Ministry of Foreign Affairs,中华人民共和国外交部,Li_Yang_China,https://twitter.com/Li_Yang_China,40900
Li Bijian,李碧建,Anglosphere,English,Ministry of Foreign Affairs,中华人民共和国外交部,Ministry of Foreign Affairs,中华人民共和国外交部,libijian2,https://twitter.com/libijian2,101800
Lin Nan,林楠,Anglosphere,English,Chengdu Municipal People's Government,成都市人民政府,Chengdu Municipal Committee,中共成都市委,Lin_Nan1,https://twitter.com/Lin_Nan1,2361
Fan Lingzhi,范凌志,Anglosphere,English,People's Daily Press,人民日报社,Central Committee of the Chinese Communist Party,中国共产党中央委员会,lingzhi_van,https://twitter.com/lingzhi_van,293
Lin Hao,,Thailand,English,Xinhua News Agency,新华社,State Council,中华人民共和国国务院,LinHao_BKK,https://twitter.com/LinHao_BKK,11300
Liu Bo,刘波,Hispanophone,Spanish,Ministry of Foreign Affairs,中华人民共和国外交部,Ministry of Foreign Affairs,中华人民共和国外交部,liuboleo2,https://twitter.com/liuboleo2,2399
Liu Chang,刘畅,Panama,Spanish,Ministry of Foreign Affairs,中华人民共和国外交部,Ministry of Foreign Affairs,中华人民共和国外交部,LiuChan14790671,https://twitter.com/LiuChan14790671,712
Liu Hongyang,,Malawi,English,Ministry of Foreign Affairs,中华人民共和国外交部,Ministry of Foreign Affairs,中华人民共和国外交部,LiuHongyang4,https://twitter.com/LiuHongyang4,2571
Liu Yongfeng,,African Union,English,Ministry of Foreign Affairs,中华人民共和国外交部,Ministry of Foreign Affairs,中华人民共和国外交部,liupheonix,https://twitter.com/liupheonix,23400
Liu Xin (Emily Liu),,Xinjiang,English,People's Daily Press,人民日报社,Central Committee of the Chinese Communist Party,中国共产党中央委员会,LiuXin_Emily,https://twitter.com/LiuXin_Emily,2418
Liu Xin,刘欣,Anglosphere,English,China Media Group (CMG),中央广播电视总台,Central Publicity Department,中共中央宣传部,LiuXininBeijing,https://twitter.com/LiuXininBeijing,246100
Liu Yan,,Netherlands,English,Ministry of Foreign Affairs,中华人民共和国外交部,Ministry of Foreign Affairs,中华人民共和国外交部,LiuYanCHN,https://twitter.com/LiuYanCHN,551
Liu Yutong,刘禹同,Anglosphere,English,Information Department of Foreign Ministry,外交部新闻司,Ministry of Foreign Affairs,中华人民共和国外交部,LiuYutongpost,https://twitter.com/LiuYutongpost,183
Zhu Liying,朱立英,Mauritius,French,Ministry of Foreign Affairs,中华人民共和国外交部,Ministry of Foreign Affairs,中华人民共和国外交部,LiyingZHU1,https://twitter.com/LiyingZHU1,7800
Love Jiaxing,禾点点,Zhejiang,Chinese,"Jiaxing Radio and Television Media Co., Ltd.",嘉兴市广电传媒有限公司,Jiaxing Municipal Committee,中共嘉兴市委,lovejiaxing,https://twitter.com/lovejiaxing,2
Xu Tiefei,徐铁飞,Costa Rica,Spanish,Ministry of Foreign Affairs,中华人民共和国外交部,Ministry of Foreign Affairs,中华人民共和国外交部,luisxu9,https://twitter.com/luisxu9,2236
Luo Will,,Anglosphere,English,China Daily Press,中国日报社,Central Publicity Department,中共中央宣传部,luowill1978,https://twitter.com/luowill1978,665
Jie Lynn (Lynn's Fantasy),,la Francophonie,French,China Media Group (CMG),中央广播电视总台,Central Publicity Department,中共中央宣传部,LYNNJie3,https://twitter.com/LYNNJie3,300
Ma Dashuai,,Anglosphere,English,China Daily Press,中国日报社,Central Publicity Department,中共中央宣传部,machinpl,https://twitter.com/machinpl,3098
Ma Hui,马辉,Cuba,English,Ministry of Foreign Affairs,中华人民共和国外交部,Ministry of Foreign Affairs,中华人民共和国外交部,MahuiChina,https://twitter.com/MahuiChina,59800
Yan Yiqiang,,Russia,English,Ministry of Foreign Affairs,中华人民共和国外交部,Ministry of Foreign Affairs,中华人民共和国外交部,MAKSIMYQY,https://twitter.com/MAKSIMYQY,8696
Tao Yuan (Martha Tao),陶源,Anglosphere,English,China Media Group (CMG),中央广播电视总台,Central Publicity Department,中共中央宣传部,MarthayTao,https://twitter.com/MarthayTao,70
Martina Fuchs,,Anglosphere,English,Xinhua News Agency,新华社,State Council,中华人民共和国国务院,martinaglobal,https://twitter.com/martinaglobal,38500
China Daily (Media Unlocked),起底,Anglosphere,English,China Daily Press,中国日报社,Central Publicity Department,中共中央宣传部,MediaUnlock,https://twitter.com/MediaUnlock,433
Zhang Lin (Melody Zhang),张琳,Anglosphere,English,China Media Group (CMG),中央广播电视总台,Central Publicity Department,中共中央宣传部,MelodyZ77141898,https://twitter.com/MelodyZ77141898,3
Foreign Ministry Spokesperson,发言人办公室,Anglosphere,English,Ministry of Foreign Affairs,中华人民共和国外交部,Ministry of Foreign Affairs,中华人民共和国外交部,MFA_China,https://twitter.com/MFA_China,666400
Miao Xiaojuan,缪晓娟,Anglosphere,English,Xinhua News Agency,新华社,State Council,中华人民共和国国务院,MiaoXiaojuan,https://twitter.com/MiaoXiaojuan,6577
Mingala News,缅甸吉祥网,Myanmar,Burmese,Yunnan Media Group (YMG),云南广播电视台,Yunnan Provincial Committee,中共云南省委,mingalanews,https://twitter.com/mingalanews,182
Wang Mingjie,,UK,English,China Daily Press,中国日报社,Central Publicity Department,中共中央宣传部,MingjieReporter,https://twitter.com/MingjieReporter,305
Zhou Yiqiu (Rachel Zhou / Miss Wow),周忆秋,Anglosphere,English,China Media Group (CMG),中央广播电视总台,Central Publicity Department,中共中央宣传部,MissWow66,https://twitter.com/MissWow66,776
Waruni JZ,,Sri Lanka,Sinhalese,China Media Group (CMG),中央广播电视总台,Central Publicity Department,中共中央宣传部,MMMKKK56665147,https://twitter.com/MMMKKK56665147,340
Zhang Meng (Monica Zhang),张梦,Anglosphere,English,China Media Group (CMG),中央广播电视总台,Central Publicity Department,中共中央宣传部,mmMonicaZhang,https://twitter.com/mmMonicaZhang,58
Modern Express Post,现代快报,Jiangsu,English,Phoenix Media Investment (Holdings) Limited,鳳凰衛視投資（控股）有限公司,Bauhinia Culture Holdings Limited,紫荆文化集团,ModernExpressEN,https://twitter.com/ModernExpressEN,2126
Ministry of Commerce (MOFCOM),中华人民共和国商务部,China,Chinese,Ministry of Commerce Information Office,商务部新闻办公室,Ministry of Commerce (MOFCOM),中华人民共和国商务部,MOFCOM_China,https://twitter.com/MOFCOM_China,8092
Mundo China,,Lusophone,Portuguese,China Media Group (CMG),中央广播电视总台,Central Publicity Department,中共中央宣传部,mundo_china,https://twitter.com/mundo_china,6719
Muyi Dima (مويي),,MENA,Arabic,China Media Group (CMG),中央广播电视总台,Central Publicity Department,中共中央宣传部,muyi_dima,https://twitter.com/muyi_dima,15000
Wang Yingying (A-Chan / Aちゃん),王颖颖,Japan,Japanese,China Media Group (CMG),中央广播电视总台,Central Publicity Department,中共中央宣传部,ooeieiwyy,https://twitter.com/ooeieiwyy,3435
Ou Jianhong,,El Salvador,Spanish,Ministry of Foreign Affairs,中华人民共和国外交部,Ministry of Foreign Affairs,中华人民共和国外交部,oujianhong,https://twitter.com/oujianhong,15200
Panda Paws,,USA,English,China Media Group (CMG),中央广播电视总台,Central Publicity Department,中共中央宣传部,panda_paws,https://twitter.com/Panda_Paws_,2235
Pandaorama,,USA,English,China Media Group (CMG),中央广播电视总台,Central Publicity Department,中共中央宣传部,PandaoramaLink,https://twitter.com/PandaoramaLink,414
Patrick Zheng,,Anglosphere,English,Xinhua News Agency,新华社,State Council,中华人民共和国国务院,PatrickZhengCHN,https://twitter.com/PatrickZhengCHN,42500
People's Daily USA,,USA,English,People's Daily Press,人民日报社,Central Committee of the Chinese Communist Party,中国共产党中央委员会,pd_northamerica,https://twitter.com/pd_northamerica,195
People's Daily,人民日报,China,Chinese,People's Daily Press,人民日报社,Central Committee of the Chinese Communist Party,中国共产党中央委员会,PDChina,https://twitter.com/PDChina,"6,600,000"
People's Daily Business (Modern China),,Anglosphere,English,People's Daily Press,人民日报社,Central Committee of the Chinese Communist Party,中国共产党中央委员会,PDChinaBusiness,https://twitter.com/PDChinaBusiness,884200
People's Daily Hong Kong,人民日报香港版,Hong Kong,English,People's Daily Press,人民日报社,Central Committee of the Chinese Communist Party,中国共产党中央委员会,PDChinaHK,https://twitter.com/PDChinaHK,4494
People's Daily Life,人民文旅,Anglosphere,English,People's Daily Press,人民日报社,Central Committee of the Chinese Communist Party,中国共产党中央委员会,PDChinaLife,https://twitter.com/PDChinaLife,"1,900,000"
People's Daily Sport China,人民日报体育,Anglosphere,English,People's Daily Press,人民日报社,Central Committee of the Chinese Communist Party,中国共产党中央委员会,PDChinaSports,https://twitter.com/PDChinaSports,"1,000,000"
People's Daily Traditional Chinese,人民日報,Anglosphere,English,People's Daily Press,人民日报社,Central Committee of the Chinese Communist Party,中国共产党中央委员会,PDChinese,https://twitter.com/PDChinese,"956,700"
People's Daily Online Australia,人民网澳洲版,Australia,English,People's Daily Press,人民日报社,Central Committee of the Chinese Communist Party,中国共产党中央委员会,PDOAUS,https://twitter.com/PDOAUS,13300
Zhang Peijin,,Anglosphere,English,China Media Group (CMG),中央广播电视总台,Central Publicity Department,中共中央宣传部,peijin_zhang,https://twitter.com/peijin_zhang,2867
Xu Pan Yiru,,Anglosphere,English,China Daily Press,中国日报社,Central Publicity Department,中共中央宣传部,PenicilinPan,https://twitter.com/PenicilinPan,2629
People's Daily App,,Anglosphere,English,People's Daily Press,人民日报社,Central Committee of the Chinese Communist Party,中国共产党中央委员会,PeoplesDailyapp,https://twitter.com/PeoplesDailyapp,4223
Phoenix TV News,凤凰资讯,Anglosphere,English,Phoenix Media Investment (Holdings) Limited,鳳凰衛視投資（控股）有限公司,Bauhinia Culture Holdings Limited,紫荆文化集团,PhoenixTV_News,https://twitter.com/PhoenixTV_News,43600
Zhang Lizhong,,Uganda,English,Ministry of Foreign Affairs,中华人民共和国外交部,Ministry of Foreign Affairs,中华人民共和国外交部,PRC_Amb_Uganda,https://twitter.com/PRC_Amb_Uganda,6517
Chen Song,,Nepal,English,Ministry of Foreign Affairs,中华人民共和国外交部,Ministry of Foreign Affairs,中华人民共和国外交部,PRCAmbNepal,https://twitter.com/PRCAmbNepal,71400
Xu Hong,,Netherlands,English,Ministry of Foreign Affairs,中华人民共和国外交部,Ministry of Foreign Affairs,中华人民共和国外交部,PRCAmbNL,https://twitter.com/PRCAmbNL,4897
Chinese Embassy in Czech Rep.,中国驻捷克大使馆,Czech Rep.,Czech,Ministry of Foreign Affairs,中华人民共和国外交部,Ministry of Foreign Affairs,中华人民共和国外交部,prcembassyprg,https://twitter.com/prcembassyprg,121
Chinese Embassy In Nepal,,Nepal,English,Ministry of Foreign Affairs,中华人民共和国外交部,Ministry of Foreign Affairs,中华人民共和国外交部,PRCSpoxNepal,https://twitter.com/PRCSpoxNepal,2680
Lucas Zhuang,,Brazil,Portuguese,Ministry of Foreign Affairs,中华人民共和国外交部,Ministry of Foreign Affairs,中华人民共和国外交部,promisingzhuang,https://twitter.com/promisingzhuang,5191
Gu Qianwen,顾倩雯,Anglosphere,English,China Daily Press,中国日报社,Central Publicity Department,中共中央宣传部,qianwen_gu,https://twitter.com/qianwen_gu,2019
Chen Qingqing,,Anglosphere,English,People's Daily Press,人民日报社,Central Committee of the Chinese Communist Party,中国共产党中央委员会,qingqingparis,https://twitter.com/qingqingparis,13700
Qiushi,求是,China,Chinese,Qiushi Magazine Press,求是杂志社,Central Committee of the Chinese Communist Party,中国共产党中央委员会,QiushiJournal,https://twitter.com/QiushiJournal,7334
Quan Quan,全权,Algeria,Arabic,Ministry of Foreign Affairs,中华人民共和国外交部,Ministry of Foreign Affairs,中华人民共和国外交部,QuanQuan_1231,https://twitter.com/QuanQuan_1231,3159
CRI Albanian (Radio Ejani),,Albania,Albanian,China Media Group (CMG),中央广播电视总台,Central Publicity Department,中共中央宣传部,RadioEjani,https://twitter.com/RadioEjani,6111
Guancha Syndicate,观察者网,China,Chinese,"Shanghai Guanchazhe Information Technology Co.,Ltd",上海观察者信息技术有限公司,Shanghai Academy of Social Sciences (SASS),上海社会科学院,realGuancha,https://twitter.com/realGuancha,71500
Ren Ke,任珂,Anglosphere,English,Xinhua News Agency,新华社,State Council,中华人民共和国国务院,RenKeNews,https://twitter.com/RenKeNews,45400
Hao Zhangyu,蒿政瑜,China,Chinese,China Internet Information Center (CIIC),中国互联网新闻中心,State Council Information Office (SCIO),国务院新闻办公室,reporterCHN,https://twitter.com/reporterCHN,3483
Chen Ribiao,,South Korea,Chinese,Ministry of Foreign Affairs,中华人民共和国外交部,Ministry of Foreign Affairs,中华人民共和国外交部,RibiaoChen,https://twitter.com/RibiaoChen,1247
Bai Yunyi (Rita Bai),白云怡,Anglosphere,English,People's Daily Press,人民日报社,Central Committee of the Chinese Communist Party,中国共产党中央委员会,RitaBai,https://twitter.com/RitaBai,2708
Zhao Hong (Sabrina Zhao),,Anglosphere,English,China Media Group (CMG),中央广播电视总台,Central Publicity Department,中共中央宣传部,Sabrina_Zhao,https://twitter.com/Sabrina_Zhao,63
Zhang Zhisheng,张志昇,Tanzania,English,Ministry of Foreign Affairs,中华人民共和国外交部,Ministry of Foreign Affairs,中华人民共和国外交部,salahzhang,https://twitter.com/salahzhang,7208
"Sanya, China",三亚市人民政府,Hainan,English,China Daily Press,中国日报社,Sanya Municipal People's Government,三亚市人民政府,SanyaofChina,https://twitter.com/SanyaofChina,71100
Discover Beautiful China,,Anglosphere,English,China Daily Press,中国日报社,Central Publicity Department,中共中央宣传部,SceneryofChina,https://twitter.com/SceneryofChina,37900
Shaanxi Moments,,Shaanxi,English,"Beijing Jiandanshiji Culture Media Co., Ltd",北京简单世纪文化传媒有限公司,unknown,,ShaanxiMoments,https://twitter.com/ShaanxiMoments,80700
Hu Jianlin (Shalevetya / שלהבתיה),,Israel,Hebrew,China Media Group (CMG),中央广播电视总台,Central Publicity Department,中共中央宣传部,Shalevetyah,https://twitter.com/Shalevetyah,9
Shanghai Daily SHINE,上海日报SHINE,Shanghai,English,Shanghai United Media Group (SUMG),上海报业集团,Shanghai Municipal Committee,中共上海市委,shanghaidaily,https://twitter.com/shanghaidaily,390700
Shanghai Eye,魔都眼,Shanghai,English,Shanghai Media Group (SMG),看东方(上海)传媒有限公司,Shanghai Municipal Committee,中共上海市委,ShanghaiEye,https://twitter.com/ShanghaiEye,32300
Zhang Shanhui (Mon Pékin Express / Jacky Zhang),张善辉,la Francophonie,French,China Media Group (CMG),中央广播电视总台,Central Publicity Department,中共中央宣传部,Shanhui_Jacky,https://twitter.com/Shanhui_Jacky,876
Zhang Ziyu (Shannon Zhang),,Anglosphere,English,China Media Group (CMG),中央广播电视总台,Central Publicity Department,中共中央宣传部,ShannonZ666,https://twitter.com/ShannonZ666,78
Shao Zheng,,Anglosphere,English,Ministry of Foreign Affairs,中华人民共和国外交部,Ministry of Foreign Affairs,中华人民共和国外交部,shao_zheng,https://twitter.com/shao_zheng,2583
Shaoxing: A Gateway to China's History,,Zhejiang,English,China Daily Press,中国日报社,Shaoxing Municipal People's Government,绍兴市人民政府,ShaoxingCity,https://twitter.com/ShaoxingCity,48700
Shen Shiwei,沈诗伟,Anglosphere,English,China Media Group (CMG),中央广播电视总台,Central Publicity Department,中共中央宣传部,shen_shiwei,https://twitter.com/shen_shiwei,91500
CRI Myanmar,,Myanmar,Burmese,China Media Group (CMG),中央广播电视总台,Central Publicity Department,中共中央宣传部,shenqihaodianzi,https://twitter.com/shenqihaodianzi,10
Center.Sichuan,,Sichuan,English,"Sichuan Daily Online Media Development Co., Ltd.",四川日报网络传媒发展有限公司,Sichuan Provincial Committee,中共四川省委,SichuanDaily,https://twitter.com/SichuanDaily,6026
Sixth Tone,,Shanghai,English,Shanghai United Media Group (SUMG),上海报业集团,Shanghai Municipal Committee,中共上海市委,SixthTone,https://twitter.com/SixthTone,80300
Kankan News,看看新闻Knews,Shanghai,Chinese,Shanghai Media Group (SMG),看东方(上海)传媒有限公司,Shanghai Municipal Committee,中共上海市委,SMGKankanews,https://twitter.com/SMGKankanews,498
Space Town Wenchang,文昌网,Hainan,Chinese,unknown,,unknown,,Spacewenchang,https://twitter.com/Spacewenchang,3402
Hua Chunying,华春莹,Anglosphere,English,Ministry of Foreign Affairs,中华人民共和国外交部,Ministry of Foreign Affairs,中华人民共和国外交部,SpokespersonCHN,https://twitter.com/SpokespersonCHN,"2,200,000"
Hu Zhaoming,胡兆明,Anglosphere,English,International Liaison Department,中共中央对外联络部,Central Committee of the Communist Party of China,中国共产党中央委员会,SpokespersonHZM,https://twitter.com/SpokespersonHZM,9208
Liu Pengyu,刘鹏宇,USA,English,Ministry of Foreign Affairs,中华人民共和国外交部,Ministry of Foreign Affairs,中华人民共和国外交部,SpoxCHNinUS,https://twitter.com/SpoxCHNinUS,6350
Yue Xiaoyong,岳晓勇,Afghanistan,English,Ministry of Foreign Affairs,中华人民共和国外交部,Ministry of Foreign Affairs,中华人民共和国外交部,stuartyueh,https://twitter.com/stuartyueh,2877
Ye Xinhua (Suad Ye),叶心心,MENA,Arabic,China Media Group (CMG),中央广播电视总台,Central Publicity Department,中共中央宣传部,suadye,https://twitter.com/suadye,122
Sun Weide,孙伟德,Anglosphere,English,Ministry of Foreign Affairs,中华人民共和国外交部,Ministry of Foreign Affairs,中华人民共和国外交部,sun_weide,https://twitter.com/sun_weide,6239
Su Yuting,苏钰婷,Anglosphere,English,China Media Group (CMG),中央广播电视总台,Central Publicity Department,中共中央宣传部,SuYuting8,https://twitter.com/SuYuting8,1239
Suzhou Wuzhong,苏州吴中,Anglosphere,English,Suzhou Wuzhong District People's Government,苏州市吴中区人民政府,Suzhou Municipal Committee,中共苏州市委,SuzhouWuzhong,https://twitter.com/SuzhouWuzhong,9020
CRI Swahili,,East African Community,Swahili,China Media Group (CMG),中央广播电视总台,Central Publicity Department,中共中央宣传部,SWAHILICRI,https://twitter.com/SWAHILICRI,42
Meng Zhe,,Anglosphere,English,China Daily Press,中国日报社,Central Publicity Department,中共中央宣传部,SXiaochuan258,https://twitter.com/SXiaochuan258,1009
Ta Kung News,大公報-大公網,Hong Kong,Chinese,Hong Kong Ta Kung Wen Wei Media Group (HKTKWW),香港大公文匯傳媒集團有限公司,Hong Kong Liaison Office of the Central Government ,香港中联办,TakungNews,https://twitter.com/TakungNews,2122
Ta Kung Wen Wei,大公文匯網,Hong Kong,Chinese,Hong Kong Ta Kung Wen Wei Media Group (HKTKWW),香港大公文匯傳媒集團有限公司,Hong Kong Liaison Office of the Central Government ,香港中联办,takungwenwei_hk,https://twitter.com/takungwenwei_hk,34600
China Mosaic,,Anglosphere,English,China International Communications Group (CICG),中国外文出版发行事业局,Central Publicity Department,中共中央宣传部,theChinaMosaic,https://twitter.com/theChinaMosaic,37
CGTN The Link,,Anglosphere,English,China Media Group (CMG),中央广播电视总台,Central Publicity Department,中共中央宣传部,thelinkoncgtn,https://twitter.com/TheLinkOnCGTN,1068
"Paper, The",澎湃新闻,Shanghai,Chinese,Shanghai United Media Group (SUMG),上海报业集团,Shanghai Municipal Committee,中共上海市委,thepapercn,https://twitter.com/thepapercn,23100
CGTN The Point with Liu Xin,,Anglosphere,English,China Media Group (CMG),中央广播电视总台,Central Publicity Department,中共中央宣传部,thepoint_CGTN,https://twitter.com/thepoint_CGTN,397
Dong Xue (Serena Dong),董雪,Anglosphere,English,China Media Group (CMG),中央广播电视总台,Central Publicity Department,中共中央宣传部,theserenadong,https://twitter.com/theserenadong,20900
Guangdong Today,,Guangdong,English,"Nanfang Daily Newspaper Group Co.,Ltd",南方报业传媒集团,Guangdong Provincial Committee,中共广东省委,thisisGBA,https://twitter.com/thisisGBA,83300
T-House,茶馆论道,Anglosphere,English,China Media Group (CMG),中央广播电视总台,Central Publicity Department,中共中央宣传部,thouse_opinions,https://twitter.com/thouse_opinions,118800
He Tianran,何天然,Anglosphere,English,China Media Group (CMG),中央广播电视总台,Central Publicity Department,中共中央宣传部,tianranhe,https://twitter.com/tianranhe,56
Tian Wei,田薇,Anglosphere,English,China Media Group (CMG),中央广播电视总台,Central Publicity Department,中共中央宣传部,tianwei,https://twitter.com/tianwei,6333
Tibet Today,,Tibet,English,China Daily Press,中国日报社,Tibet Autonomous Region People's Government,西藏自治区人民政府,TibetTodayCN,https://twitter.com/TibetTodayCN,6069
Tide News,潮新闻,Zhejiang,Chinese,Zhejiang Daily Newspaper Group,浙江日报报业集团,Zhejiang Provincial Committee,中共浙江省委,TideNewsZJ,https://twitter.com/TideNewsZJ,6396
Today Review,今日正言,Hong Kong,Cantonese,AcMedia Limited,正傳媒有限公司,unknown,,Todayreview_hk,https://twitter.com/Todayreview_hk,290
Tong Shuo,通說,Hong Kong,Chinese,Hong Kong China News Agency,香港中通社,United Front Work Department,中共中央统一战线工作部,Tong_Shuo,https://twitter.com/Tong_Shuo,11600
Tong Media HK,通傳媒,Hong Kong,Chinese,Hong Kong China News Agency,香港中通社,United Front Work Department,中共中央统一战线工作部,TongMediaHK,https://twitter.com/TongMediaHK,5693
Sun Xueying (Teresa Sun / Un Té con Teresa),,Hispanophone,Spanish,China Media Group (CMG),中央广播电视总台,Central Publicity Department,中共中央宣传部,UnTeresa,https://twitter.com/UnTeresa,122
Li Yimei (Vica Li),李伊湄,Anglosphere,English,China Media Group (CMG),中央广播电视总台,Central Publicity Department,中共中央宣传部,VicaLi18,https://twitter.com/VicaLi18,1707
Visit Chongqing,,Anglosphere,English,unknown,,unknown,,visitchongqing,https://twitter.com/visitchongqing,1906
Visit Sanya,,Hainan,English,Sanya Tourism Board,三亚市旅游发展局,Sanya Municipal People's Government,三亚市人民政府,VisitSanya,https://twitter.com/VisitSanya,120400
Friendly Shandong,好客山东网,Shandong,English,Shandong Provincial Department of Culture and Tourism,山东省文化和旅游厅,Shandong Provincial People's Government,山东省人民政府山,VisitShandong,https://twitter.com/VisitShandong,12600
"Suzhou, China",,Jiangsu,English,"Suzhou Municipal Bureau of Culture, Radio, Television and Tourism",苏州市文化广电和旅游局,Suzhou Municipal People's Government,苏州市人民政府,VisitSuzhou,https://twitter.com/VisitSuzhou,237800
Wang Xuejing,王雪靖,Anglosphere,English,China Media Group (CMG),中央广播电视总台,Central Publicity Department,中共中央宣传部,WANG_XUE_JING,https://twitter.com/WANG_XUE_JING,955
Wang Guan (Michael Wang),王冠,Anglosphere,English,China Media Group (CMG),中央广播电视总台,Central Publicity Department,中共中央宣传部,WangGuanBeijing,https://twitter.com/wangguanbeijing,22700
Wang Jialei,王家雷,Bolivia,Spanish,Ministry of Foreign Affairs,中华人民共和国外交部,Ministry of Foreign Affairs,中华人民共和国外交部,WangJialei4,https://twitter.com/WangJialei4,5011
Wang Jian,,Panama,Spanish,Ministry of Foreign Affairs,中华人民共和国外交部,Ministry of Foreign Affairs,中华人民共和国外交部,WangJianPaco,https://twitter.com/WangJianPaco,9655
Wang Xiaohui,王晓辉,Anglosphere,English,China International Communications Group (CICG),中国外文出版发行事业局,Central Publicity Department,中共中央宣传部,wangxh65,https://twitter.com/wangxh65,26100
Wang Xianfeng,王险峰,Pakistan,English,Ministry of Foreign Affairs,中华人民共和国外交部,Ministry of Foreign Affairs,中华人民共和国外交部,WangXianfeng8,https://twitter.com/WangXianfeng8,10100
Yang Wanming,楊萬明,Brazil,Portuguese,Ministry of Foreign Affairs,中华人民共和国外交部,Ministry of Foreign Affairs,中华人民共和国外交部,WanmingYang,https://twitter.com/WanmingYang,82100
Wave Media,,Shanghai,English,"Shanghai Guanchazhe Information Technology Co.,Ltd",上海观察者信息技术有限公司,Shanghai Academy of Social Sciences (SASS),上海社会科学院,WaveMedia2022,https://twitter.com/WaveMedia2022,283
Wei Qiang,,Panama,Spanish,Ministry of Foreign Affairs,中华人民共和国外交部,Ministry of Foreign Affairs,中华人民共和国外交部,weiasecas,https://twitter.com/weiasecas,18700
Wei Hongtian,,Grenada,English,Ministry of Foreign Affairs,中华人民共和国外交部,Ministry of Foreign Affairs,中华人民共和国外交部,WeiHongtian,https://twitter.com/WeiHongtian,624
Wang Wenwen,,Anglosphere,English,People's Daily Press,人民日报社,Central Committee of the Chinese Communist Party,中国共产党中央委员会,WenwenWang1127,https://twitter.com/WenwenWang1127,12800
Where Zhengzhou,,Anglosphere,English,Zhengzhou Media Group,郑州报业集团,Zhengzhou Municipal Party Committee,中共郑州市委,Where_Zhengzhou,https://twitter.com/Where_Zhengzhou,14900
CGTN World Insight with Tian Wei,,Anglosphere,English,China Media Group (CMG),中央广播电视总台,Central Publicity Department,中共中央宣传部,WorldInsight_TW,https://twitter.com/WorldInsight_TW,2916
Wang QH,,Maldives,English,Ministry of Foreign Affairs,中华人民共和国外交部,Ministry of Foreign Affairs,中华人民共和国外交部,WQHChina,https://twitter.com/WQHChina,372
Wang Tianyu (Evan Wang),,Anglosphere,English,China Media Group (CMG),中央广播电视总台,Central Publicity Department,中共中央宣传部,wty510,https://twitter.com/wty510,7
Wu Gang,,Anglosphere,English,China Media Group (CMG),中央广播电视总台,Central Publicity Department,中共中央宣传部,WuGang_CX,https://twitter.com/WuGang_CX,1178
Li Wuji,,Panama,English,Ministry of Foreign Affairs,中华人民共和国外交部,Ministry of Foreign Affairs,中华人民共和国外交部,wuji_li,https://twitter.com/wuji_li,902
Wu Lei,,Anglosphere,English,China Media Group (CMG),中央广播电视总台,Central Publicity Department,中共中央宣传部,wulei2020,https://twitter.com/wulei2020,2428
Wu Peng,吴鹏,African Union,English,Ministry of Foreign Affairs,中华人民共和国外交部,Ministry of Foreign Affairs,中华人民共和国外交部,WuPeng_MFAChina,https://twitter.com/WuPeng_MFAChina,34200
"Wuxi, China",魅力無錫,Anglosphere,English,China Daily Press,中国日报社,Wuxi Municipal People's Government,无锡市人民政府,WuxiCity,https://twitter.com/WuxiCity,60300
Xu Xinchen (Gerald Xinchen),徐新晨,Anglosphere,English,China Media Group (CMG),中央广播电视总台,Central Publicity Department,中共中央宣传部,xgx91,https://twitter.com/xgx91,630
Chine Nouvelle,,Anglosphere,English,Xinhua News Agency,新华社,State Council,中华人民共和国国务院,XHChineNouvelle,https://twitter.com/XHChineNouvelle,16700
Xinhua Japanese,中国 新華社 日本語,Japan,Japanese,Xinhua News Agency,新华社,State Council,中华人民共和国国务院,XHJapanese,https://twitter.com/XHJapanese,56400
Xinhua News Agency,新华社,China,Chinese,Xinhua News Agency,新华社,State Council,中华人民共和国国务院,XHNews,https://twitter.com/XHNews,"11,900,000"
Xinhua North America,,USA,English,Xinhua News Agency,新华社,State Council,中华人民共和国国务院,XHNorthAmerica,https://twitter.com/XHNorthAmerica,35100
Xinhua Sci-Tech,,Anglosphere,English,Xinhua News Agency,新华社,State Council,中华人民共和国国务院,XHscitech,https://twitter.com/xhscitech,98700
Xinhua Sports,新华体育,Anglosphere,English,Xinhua News Agency,新华社,State Council,中华人民共和国国务院,XHSports,https://twitter.com/XHSports,870400
Xie Yongjun,解勇军,Anglosphere,English,Information Department of Foreign Ministry,外交部新闻司,Ministry of Foreign Affairs,中华人民共和国外交部,XIEYongjun_CHN,https://twitter.com/XIEYongjun_CHN,53500
Xinhua Africa,,Kenya,English,Xinhua News Agency,新华社,State Council,中华人民共和国国务院,xinhua_africa,https://twitter.com/xinhua_africa,617
Xinhua Chinese,新华社（中文）,Anglosphere,English,Xinhua News Agency,新华社,State Council,中华人民共和国国务院,XinhuaChinese,https://twitter.com/XinhuaChinese,"1,300,000"
Xinhua Myanmar (မြန်မာ),,Myanmar,Burmese,Xinhua News Agency,新华社,State Council,中华人民共和国国务院,XinhuaMyanmar,https://twitter.com/XinhuaMyanmar,12500
Xinhua Net,新华网,China,Chinese,Xinhua News Agency,新华社,State Council,中华人民共和国国务院,XinhuanetNews,https://twitter.com/XinhuanetNews,2753
Shang Yang (Sylvia Shang),,Anglosphere,English,Xinhua News Agency,新华社,State Council,中华人民共和国国务院,xinhuasylvia,https://twitter.com/xinhuasylvia,17
Xinhua Culture & Travel,,Anglosphere,English,Xinhua News Agency,新华社,State Council,中华人民共和国国务院,xinhuatravel,https://twitter.com/xinhuatravel,710100
Xinjiang Channel,中国新疆网,Xinjiang,English,"Wuzhou Communication Co., Ltd.",五洲传播有限公司,State Council Information Office (SCIO),国务院新闻办公室,xinjiangchannel,https://twitter.com/xinjiangchannel,12400
Zhang Xinran,张欣然,Anglosphere,English,China Daily Press,中国日报社,Central Publicity Department,中共中央宣传部,xinranz98,https://twitter.com/xinranz98,570
Xi's moments,,Anglosphere,English,China Daily Press,中国日报社,Central Publicity Department,中共中央宣传部,XisMoments,https://twitter.com/XisMoments,"102,000"
Xue Jian,薛剑,Japan,Japanese,Ministry of Foreign Affairs,中华人民共和国外交部,Ministry of Foreign Affairs,中华人民共和国外交部,xuejianosaka,https://twitter.com/xuejianosaka,70300
Xu Li,,la Francophonie,French,China Media Group (CMG),中央广播电视总台,Central Publicity Department,中共中央宣传部,XuLi52940770,https://twitter.com/XuLi52940770,728
Xu Zeyu Philip,徐泽宇,Anglosphere,English,Xinhua News Agency,新华社,State Council,中华人民共和国国务院,XuZeyu_Philip,https://twitter.com/XuZeyu_Philip,67800
Saina (Amy Saina),赛娜,Anglosphere,English,China Media Group (CMG),中央广播电视总台,Central Publicity Department,中共中央宣传部,amysaina,https://twitter.com/xxxsaina,75
Yang Zhiyu,,UK,English,Ministry of Foreign Affairs,中华人民共和国外交部,Ministry of Foreign Affairs,中华人民共和国外交部,yang_zhiyu1979,https://twitter.com/yang_zhiyu1979,745
Liu Yang,,Anglosphere,English,Xinhua News Agency,新华社,State Council,中华人民共和国国务院,yangliuxh,https://twitter.com/yangliuxh,5933
Yang Rui,杨锐,Anglosphere,English,China Media Group (CMG),中央广播电视总台,Central Publicity Department,中共中央宣传部,yangrui88,https://twitter.com/yangrui88,32
Yang Zhao,杨钊,Anglosphere,English,China Media Group (CMG),中央广播电视总台,Central Publicity Department,中共中央宣传部,YangZha42341102,https://twitter.com/YangZha42341102,661
Yao Fei,,Hispanophone,Spanish,Ministry of Foreign Affairs,中华人民共和国外交部,Ministry of Foreign Affairs,中华人民共和国外交部,YaoFei9,https://twitter.com/YaoFei9,2135
Xu Yawen,,Anglosphere,English,China Media Group (CMG),中央广播电视总台,Central Publicity Department,中共中央宣传部,yawenxu17,https://twitter.com/yawenxu17,3086
Ruan Yaying,小汤圆,Algeria,Arabic,Ministry of Foreign Affairs,中华人民共和国外交部,Ministry of Foreign Affairs,中华人民共和国外交部,YayingRUAN,https://twitter.com/YayingRUAN,3859
Yu Dunhai,,Malta,English,Ministry of Foreign Affairs,中华人民共和国外交部,Ministry of Foreign Affairs,中华人民共和国外交部,YDunhai,https://twitter.com/YDunhai,20100
Yicai,第一财经,Shanghai,English,Shanghai Media Group (SMG),上海文化广播影视集团有限公司,Shanghai Municipal Committee,中共上海市委,yicaichina,https://twitter.com/yicaichina,235700
Yicai Global,一财全球,Shanghai,English,Shanghai Media Group (SMG),上海文化广播影视集团有限公司,Shanghai Municipal Committee,中共上海市委,yicaiglobalCN,https://twitter.com/yicaiglobalCN,534
Song Yichu,,Pakistan,English,Ministry of Foreign Affairs,中华人民共和国外交部,Ministry of Foreign Affairs,中华人民共和国外交部,YichuSong,https://twitter.com/YichuSong,193
Yang Yiding,,Norway,English,Ministry of Foreign Affairs,中华人民共和国外交部,Ministry of Foreign Affairs,中华人民共和国外交部,YidingYang_MFA,https://twitter.com/YidingYang_MFA,1555
Zhang Yikang (Kathie Zhang / 新米ママ・いーかん),,Japan,Japanese,China Media Group (CMG),中央广播电视总台,Central Publicity Department,中共中央宣传部,Yikangmama,https://twitter.com/Yikangmama,291
Zhang Yiwen,张怡雯,Hispanophone,Spanish,Ministry of Foreign Affairs,中华人民共和国外交部,Ministry of Foreign Affairs,中华人民共和国外交部,yiwen_zh,https://twitter.com/yiwen_zh,2118
Liu Fangqiang (Oliver Liu),,Anglosphere,English,Xinhua News Agency,新华社,State Council,中华人民共和国国务院,YoloOliver1,https://twitter.com/YoloOliver1,28100
Jiang Yuan (J'Y Pense),,la Francophonie,French,China Media Group (CMG),中央广播电视总台,Central Publicity Department,中共中央宣传部,Yuanjia33107056,https://twitter.com/Yuanjia33107056,32
Zhao Yunfei,赵云飞,Anglosphere,English,China Media Group (CMG),中央广播电视总台,Central Publicity Department,中共中央宣传部,Yunfei_Zh,https://twitter.com/Yunfei_Zh,1155
Ji Yuqiao,,Anglosphere,English,People's Daily Press,人民日报社,Central Committee of the Chinese Communist Party,中国共产党中央委员会,yuqiaoji,https://twitter.com/yuqiaoji,3
Yan Xiusheng,延秀生,Barbados,English,Ministry of Foreign Affairs,中华人民共和国外交部,Ministry of Foreign Affairs,中华人民共和国外交部,YXiusheng,https://twitter.com/YXiusheng,8723
Zou Yue,邹悦,Anglosphere,English,China Media Group (CMG),中央广播电视总台,Central Publicity Department,中共中央宣传部,YZOUTWEETS,https://twitter.com/YZOUTWEETS,371500
Zha Liyou,查立友,India,English,Ministry of Foreign Affairs,中华人民共和国外交部,Ministry of Foreign Affairs,中华人民共和国外交部,ZhaLiyou,https://twitter.com/ZhaLiyou,25600
Zhang Heqing,张和清,Pakistan,English,Ministry of Foreign Affairs,中华人民共和国外交部,Ministry of Foreign Affairs,中华人民共和国外交部,zhang_heqing,https://twitter.com/zhang_heqing,353200
Zhang Xi,,Panama,English,Ministry of Foreign Affairs,中华人民共和国外交部,Ministry of Foreign Affairs,中华人民共和国外交部,Zhang_Xi77,https://twitter.com/Zhang_Xi77,1995
Zhang Buxin,张步新,Cuba,Spanish,Ministry of Foreign Affairs,中华人民共和国外交部,Ministry of Foreign Affairs,中华人民共和国外交部,zhangbuxin,https://twitter.com/zhangbuxin,1307
Zhanhao,占豪,China,Chinese,Wuhan Ruiying New Media Culture Communication Co.,武汉睿瀛新媒文化传播有限责任公司,Hubei Self-Media Association,湖北省自媒体协会,zhanhao668,https://twitter.com/zhanhao668,2426
Zhao Baogang,,African Union,English,Ministry of Foreign Affairs,中华人民共和国外交部,Ministry of Foreign Affairs,中华人民共和国外交部,zhaobaogang2011,https://twitter.com/zhaobaogang2011,3914
Zhao Ying,,Anglosphere,English,China Media Group (CMG),中央广播电视总台,Central Publicity Department,中共中央宣传部,ZhaoYing_CRI,https://twitter.com/ZhaoYing_CRI,408
Zhengguan News,正观新闻,Henan,English,Zhengzhou Media Group,郑州报业集团,Zhengzhou Municipal Party Committee,中共郑州市委,ZhengguanNews,https://twitter.com/ZhengguanNews,15900
Zheng Junfeng,郑峻峰,Anglosphere,English,China Media Group (CMG),中央广播电视总台,Central Publicity Department,中共中央宣传部,ZhengJunfeng1,https://twitter.com/ZhengJunfeng1,413
Shen Zhifei,,Lithuania,English,Ministry of Foreign Affairs,中华人民共和国外交部,Ministry of Foreign Affairs,中华人民共和国外交部,ZhifeiShen,https://twitter.com/ZhifeiShen,539
Chinese Embassy in Belarus,中国驻白俄罗斯大使馆,Belarus,Belarusian,Ministry of Foreign Affairs,中华人民共和国外交部,Ministry of Foreign Affairs,中华人民共和国外交部,ZhongBai2020,https://twitter.com/ZhongBai2020,7403
Zhong Shi,,Anglosphere,English,China Media Group (CMG),中央广播电视总台,Central Publicity Department,中共中央宣传部,ZhongShi_CGTN,https://twitter.com/ZhongShi_CGTN,932
Zhou Li,周莉,Anglosphere,English,Information Department of Foreign Ministry,外交部新闻司,Ministry of Foreign Affairs,中华人民共和国外交部,Zhou_Li_CHN,https://twitter.com/Zhou_Li_CHN,17200
Zhu Jingyang,,Colombia,Spanish,Ministry of Foreign Affairs,中华人民共和国外交部,Ministry of Foreign Affairs,中华人民共和国外交部,zhu_jingyang,https://twitter.com/zhu_jingyang,9288
Wang Zichen,王子辰,Anglosphere,English,Xinhua News Agency,新华社,State Council,中华人民共和国国务院,ZichenWanghere,https://twitter.com/ZichenWanghere,28600
Zeng Ziyi,曾子绎,Anglosphere,English,China Media Group (CMG),中央广播电视总台,Central Publicity Department,中共中央宣传部,ziyi_zeng,https://twitter.com/ziyi_zeng,355
Zhao Lijian,赵立坚,Anglosphere,English,Ministry of Foreign Affairs,中华人民共和国外交部,Ministry of Foreign Affairs,中华人民共和国外交部,zlj517,https://twitter.com/zlj517,"1,900,000"
CGTN Zoom In,,Anglosphere,English,China Media Group (CMG),中央广播电视总台,Central Publicity Department,中共中央宣传部,ZoomIn_CGTN,https://twitter.com/ZoomIn_CGTN,109
Zhang Shilei (Sheila Zhang),,Anglosphere,English,China Media Group (CMG),中央广播电视总台,Central Publicity Department,中共中央宣传部,ZShilei,https://twitter.com/ZShilei,367
